Author,Name,Number of Works,Total Citations,H-index,First Published Year,Affiliation
Pierluigi Di Chiaro,Pierluigi Di Chiaro,15,98,6,2016,"European Institute of Oncology, Istituti di Ricovero e Cura a Carattere Scientifico, CIC bioGUNE"
Lydia Siragusa,Lydia Siragusa,28,519,13,2014,"Molecular Discovery (United Kingdom), Horizon Discovery Group (United States), University of Perugia"
Eugene F Douglass,Eugene F. Douglass,121,1426,14,2012,"University of Georgia, Columbia University Irving Medical Center, Georgia College & State University, Columbia University, National Center on Addiction and Substance Abuse at Columbia University, New York University, Yale University, University of New Haven, Worcester Polytechnic Institute, Freeport-McMoRan (United States)"
Challenge Consortium,the FLARE Challenge Consortium,1,16,1,2023,N/A
Francesca Lessi,Francesca Lessi,114,1124,20,2012,"Fondazione Pisa, International Flame Research Foundation, University of Pisa, International Centre for Genetic Engineering and Biotechnology, Centre for Human Genetics, University of Oxford"
Núria Villegas,Núria Villegas,25,379,9,2012,"Institute for Research in Biomedicine, Institute of Science and Technology, Universitat Politècnica de Catalunya, Barcelona Supercomputing Center, FC Barcelona"
Andrea Califano,Andrea Califano,1000,42719,90,2012,"Columbia University, National Center on Addiction and Substance Abuse at Columbia University, Columbia University Irving Medical Center, Chan Zuckerberg Initiative (United States), DarwinHealth (United States), Chan Zuckerberg Biohub New York, Johns Hopkins Medicine, Johns Hopkins University, Sapienza University of Rome, Weatherford College"
Claudia Daubenberger,Claudia Daubenberger,199,5105,40,2012,"University of Basel, Swiss Tropical and Public Health Institute, Centers for Disease Control and Prevention, University of Maryland, Baltimore, Yale University, Public Health Institute, Medical Care Development International, Biology of Infection, Ifakara Health Institute, Swiss School of Public Health"
et al.,G. Abbiendi,2280,119074,145,2012,"Istituto Nazionale di Fisica Nucleare, Sezione di Bologna, University of Bologna, Institute of High Energy Physics, GNA University, A. Alikhanyan National Laboratory, University of Antwerp, National Research Council, Istituto Nazionale di Fisica Nucleare, Sezione di Perugia, Institute of Nuclear Physics, Polish Academy of Sciences, Istituto Officina dei Materiali"
Roi Blanco,Roi Blanco,114,2474,27,2012,"Amazon (Germany), Universidade da Coruña, RMIT University, Yahoo (United States), Yahoo (United Kingdom), Yahoo (Spain), Barcelona Media"
Jenala Chipungu,Jenala Chipungu,66,622,14,2013,"Centre for Infectious Disease Research in Zambia, London School of Hygiene & Tropical Medicine"
Jaime H. Vera,Jaime H. Vera,188,2252,27,2012,"University Hospitals Sussex NHS Foundation Trust, Brighton and Sussex Medical School, University of Sussex, Royal Sussex County Hospital, University of Brighton, Universidade Estadual Paulista (Unesp), Groote Schuur Hospital, Haywards Heath Hospital, University of Toronto, Brighton General Hospital"
Jake Pry,Jake M. Pry,69,1033,16,2014,"University of California, Davis, Centre for Infectious Disease Research in Zambia, California Department of Public Health, Washington University in St. Louis, University of Peradeniya, Renal Research Institute, University of Washington, Smith Clinic"
Adria Fernandez-Torras,Adrià Fernández‐Torras,23,227,6,2018,"Institute for Research in Biomedicine, Thrombotargets (Spain), Chemo (Spain), Universitat Politècnica de Catalunya"
Sharon Kapambwe,Sharon Kapambwe,60,1497,20,2012,"World Health Organization Regional Office for Africa, World Health Organization - Zimbabwe, Ministry of Health, World Health Organization - Pakistan, Centre for Infectious Disease Research in Zambia, University of Zambia, University of North Carolina at Chapel Hill, University Teaching Hospital, National Centre for Infectious Diseases"
Paolo Aretini,Paolo Aretini,157,3009,27,2012,"Fondazione Pisa, International Flame Research Foundation, Fondazione Toscana Gabriele Monasterio, Sapienza University of Rome, Università Cattolica del Sacro Cuore, University of Pisa, Azienda Ospedaliera Universitaria Pisana, Cancer Genetics (United States), Mount Sinai Hospital, Mount Sinai Hospital"
Gustavo Quintero,Gustavo A. Quintero,80,465,10,2012,"Universidad del Rosario, Fundación Santa Fe de Bogotá, Colombian Association of Surgery, Departamento de Salud, Universidade de São Paulo, Asociación Colombiana de Facultades de Ingeniería, Cornell University, Universidade Federal de Santa Catarina, Academia Nacional de Medicina, Universidad de Antioquia"
Gabriele Cruciani,Gabriele Cruciani,342,13095,61,2012,"University of Perugia, University of Bologna, Universidad de Granada, University of Florida, Roche (Switzerland), Mario Negri Institute for Pharmacological Research, Molecular Discovery (United Kingdom), University of Padua, Siena Biotech (Italy), Pfizer (United Kingdom)"
Erica M Pasini,Erica M. Pasini,44,2393,22,2012,"Biomedical Primate Research Centre, Radboud University Nijmegen, University of Southern Denmark, Max Planck Institute of Biochemistry, Centre National de la Recherche Scientifique, Liverpool School of Tropical Medicine, Institute of Molecular Science and Technologies, University of Milan"
María Fernanda Yasnot-Acosta,María Fernanda Yasnot,51,404,12,2012,"University of Córdoba, University of Córdoba, Cordoba University, Asociación Colombiana de Infectología, Universidad del Valle, National Institute of Allergy and Infectious Diseases, National Institutes of Health"
Eliandre de Oliveira,Eliandre de Oliveira,124,2579,29,2012,"Universidade Federal de São Paulo, Pontifícia Universidade Católica do Paraná, Faculdade de Pato Branco, Barcelona Biomedical Research Park, Instituto de Salud Carlos III, Umeå University, Universidade de São Paulo, Centro Nacional de Biotecnología, Universitat de Barcelona, Museu de Ciències Naturals de Barcelona"
Dhanshree Arora,Dhanshree Arora,1,1,1,2024,"Ersilia Open Source Initiative, Open Evidence"
Ian Tietjen,Ian Tietjen,87,1943,23,2012,"The Wistar Institute, University of British Columbia, Simon Fraser University, University of Buea, Universidade Federal de São Carlos, Universidade de São Paulo, Xenon Pharmaceuticals (Canada), Rockefeller University, University of Amsterdam, National University of Singapore"
Jude Y. Betow,Jude Y. Betow,4,1,1,2024,University of Buea
Takashi Saito,Takashi Saito,574,39198,100,2012,"Nagoya City University, Chiba University, RIKEN Center for Integrative Medical Sciences, National Center of Neurology and Psychiatry, The University of Tokyo, Osaka University, Shizuoka University, National Center for Infectious Diseases, RIKEN Center for Brain Science, Tokyo University of Agriculture and Technology"
Juan Rivera-Correa,Juan Rivera‐Correa,28,778,13,2012,"City University of New York, The Graduate Center, CUNY, New York City College of Technology, Hospital for Special Surgery, John Wiley & Sons (United States), New York University, Weill Cornell Medicine, Cornell University, Indiana University School of Medicine, University of Puerto Rico System"
Mohieddin Jafari,Jafari Mohieddin,1,0,0,2019,N/A
Raquel Valls,Raquel Valls,17,205,6,2013,Anaxomics (Spain)
Joseph J Campo,Joseph J. Campo,106,2352,28,2012,"Antigen Discovery (United States), Universitat de Barcelona, Barcelona Institute for Global Health, Manhiça Health Research Centre, Barcelona Centre for International Affairs, Naval Medical Research Command, Centre de Recerca en Economia Internacional, London School of Hygiene & Tropical Medicine, African Malaria Network Trust, Jackson Foundation"
Antoni Berenguer-Llergo,Antonio Berenguer,248,12595,38,2012,"Corporació Sanitària Parc Taulí, Institute of Research and Innovation Parc Tauli, Universitat Autònoma de Barcelona, Institute for Research in Biomedicine, Universitat Politècnica de Catalunya, Universitat Politècnica de València, Institut Català d'Oncologia, Institut d'Investigació Biomédica de Bellvitge, Universidad San Pablo CEU, Hospital Universitario HM Sanchinarro"
Edwin Tse,Edwin G. Tse,26,629,7,2018,"University of North Carolina at Chapel Hill, University College London, The University of Sydney"
Georg Winter,Georg E. Winter,100,5370,27,2012,"Austrian Academy of Sciences, CeMM Research Center for Molecular Medicine, Comprehensive Cancer Center Vienna, Medical University of Vienna, Dana-Farber Cancer Institute"
Antonio Sitoe,António Sitoe,44,825,14,2012,"Manhiça Health Research Centre, London School of Hygiene & Tropical Medicine, Universitat de Barcelona, Centro de Investigación Biomédica en Red de Epidemiología y Salud Pública, Hospital Sant Joan de Déu Barcelona, Barcelona Institute for Global Health, Instituto Nacional de Saúde, Ministry of Health"
Jianyang Zeng,Jianyang Zeng,143,5246,34,2012,"Mengchao Hepatobiliary Hospital, Fujian Medical University, Westlake University, Tsinghua University, Sichuan University, West China Second University Hospital of Sichuan University, Hubei Engineering University, Silexon AI Technology (China), Institut de Biologie systémique et synthétique, Institute of Bioinformatics"
Ashleigh van Heerden,Ashleigh van Heerden,9,101,3,2020,University of Pretoria
Fidele Ntie-Kang,Fidele Ntie‐Kang,185,3601,33,2013,"University of Buea, Martin Luther University Halle-Wittenberg, University of Douala, University of Chemistry and Technology, Prague, Technische Universität Dresden, AREA Science Park"
Quique Bassat,Quique Bassat,658,41122,81,2012,"Centro de Investigación Biomédica en Red de Epidemiología y Salud Pública, Universitat de Barcelona, Barcelona Institute for Global Health, Manhiça Health Research Centre, Institució Catalana de Recerca i Estudis Avançats, Hospital Sant Joan de Déu Barcelona, Instituto de Salud Carlos III, Hospital Clínic de Barcelona, Institut Català de Ciències del Clima, Departament de Salut"
Sarat Chandarlapaty,Sarat Chandarlapaty,638,22665,70,2012,"Memorial Sloan Kettering Cancer Center, Kettering University, Cornell University, Tennessee Oncology, Queen Mary University of London, Weill Cornell Medicine, New York University, Icahn School of Medicine at Mount Sinai, Eli Lilly (United States), ORCID"
Vanessa A. Shu,Vanessa Asoh Shu,7,20,2,2024,University of Buea
Patrick Aloy,Patrick Aloy,271,14768,56,2012,"Institució Catalana de Recerca i Estudis Avançats, Institute for Research in Biomedicine, Barcelona Institute for Science and Technology, Institute of Science and Technology, Shanghai Institute for Science of Science, Universitat Politècnica de Catalunya, Neuroscience Research Australia, Mútua Terrassa, Centro de Investigación Biomédica en Red, Centre for Biomedical Network Research on Rare Diseases"
Fabian Offensperger,Fabian Offensperger,21,309,7,2017,"University of Konstanz, CeMM Research Center for Molecular Medicine, Austrian Academy of Sciences, University of Toronto"
Takaomi C Saido,Takaomi C. Saido,786,45902,109,2012,"RIKEN Center for Brain Science, Nagoya City University, University of Pittsburgh, RIKEN Advanced Science Institute, Google (United States), Saitama Prefecture, Okayama University, University of Kentucky, Tufts University, Takao Hospital"
Eva Viesi,Eva Viesi,6,16,3,2022,"Institute for Research in Biomedicine, University of Verona"
Jürgen Bajorath,Jürgen Bajorath,1070,34226,73,2012,"Lamarr Institute for Machine Learning and Artificial Intelligence, University of Bonn, Fraunhofer Society, University of Bologna, Bonn Aachen International Center for Information Technology, Novartis (Switzerland), Novartis Institutes for BioMedical Research, Purdue University West Lafayette, Schiller International University, GTx (United States)"
Gary Tin,Gary T.C. Ko,92,2301,28,2012,"Princess Margaret Cancer Centre, University Health Network, Toronto Western Hospital, Toronto Public Health, University of Toronto, Berger (Canada), Women's College Hospital, Prince of Wales Hospital, Queen's University, Chinese University of Hong Kong"
John Woodland,J. Woodland Hastings,302,18081,71,2012,"Harvard University, Harvard University Press, Hauptman-Woodward Medical Research Institute, University at Buffalo, State University of New York, Clark University, Université de Montréal, University of Wisconsin–Madison, University of KwaZulu-Natal, Ludwig-Maximilians-Universität München, University of Konstanz"
Chiara Maria Mazzanti,Chiara Maria Mazzanti,290,8976,42,2012,"Fondazione Pisa, International Flame Research Foundation, Ospedale generale di zona San Camillo Treviso, Istituto di Matematica Applicata e Tecnologie Informatiche, National Research Council, Azienda Ospedaliera Sant'Andrea, University of Buenos Aires, Consejo Nacional de Investigaciones Científicas y Técnicas, Istituti di Ricovero e Cura a Carattere Scientifico, Ospedale San Pietro Fatebenefratelli"
Margaux Sica,Margaux Sica,5,38,2,2020,Albert Einstein College of Medicine
John M. Ssenkusu,John M. Ssenkusu,77,884,16,2012,"Makerere University, Cancer Research And Biostatistics, MUJHU Research Collaboration, Baylor College of Medicine Children’s Foundation, Uganda Virus Research Institute, Ministry of Health, Centers for Disease Control and Prevention, Centers for Disease Control and Prevention, University of Minnesota, University of Bahrain"
Lourdes Osaba,Lourdes Osaba,39,714,16,2012,"Grifols (Spain), Universidad de Zaragoza, University of the Basque Country, Instituto de Investigación Sanitaria Aragón, Hospital Universitario Miguel Servet, CTI BioPharma (Italy), Neuron BioPharma (Spain), Universidad Autónoma de Madrid, Consejo Superior de Investigaciones Científicas, Centro Nacional de Biotecnología"
Hugo Zaragoza,Hugo Zaragoza,92,6674,30,2012,"Yahoo (Spain), Yahoo (United Kingdom), Universitat Pompeu Fabra, Microsoft Research (United Kingdom), Microsoft (United States), Sorbonne Université, Université Paris Cité, Laboratoire de Recherche en Informatique de Paris 6"
Arnau Comajuncosa-Creus,Arnau Comajuncosa-Creus,7,56,2,2020,"Institute for Research in Biomedicine, Shanghai Institute for Science of Science, Barcelona Institute for Science and Technology, Universitat Politècnica de Catalunya"
Lidia Mateo,Lídia Mateo,39,689,12,2012,"Institute for Research in Biomedicine, Institute of Science and Technology, Universitat Politècnica de Catalunya, Institut de Biologia Evolutiva, Universitat Pompeu Fabra"
Eli Fernández-de Gortari,Eli Fernández‐de Gortari,27,382,11,2015,"International Iberian Nanotechnology Laboratory, University of Michigan, Institute of Molecular Biology and Biophysics, Universidad Nacional Autónoma de México, University of Minnesota, University of Minnesota System, Minneapolis Institute of Arts, Rede de Química e Tecnologia"
Marko Cigler,Marko Cigler,37,461,12,2015,"CeMM Research Center for Molecular Medicine, Austrian Academy of Sciences, Technical University of Munich, Center for Integrated Protein Science Munich, Institute for Advanced Study, University of Zagreb"
Joaquin Arribas,Joaquı́n Arribas,746,13863,59,2012,"Hospital Del Mar, Institució Catalana de Recerca i Estudis Avançats, Vall d'Hebron Institute of Oncology, Centro de Investigación Biomédica en Red de Cáncer, Vall d'Hebron Institut de Recerca, Hospital del Mar Research Institute, Universitat Autònoma de Barcelona, Vall d'Hebron Hospital Universitari, Instituto de Salud Carlos III, Municipal Institute for Medical Research"
Luis J. Montaner,Luis J. Montaner,381,10035,56,2012,"The Wistar Institute, California University of Pennsylvania, Penn Center for AIDS Research, University of Pennsylvania, Philadelphia University, ORCID, John Wiley & Sons (United States), Hospital de Clínicas, Johns Hopkins Medicine, Johns Hopkins University"
Aaloke Mody,Aaloke Mody,72,1405,18,2012,"Washington University in St. Louis, Centre for Infectious Disease Research in Zambia, University of Washington, University of California, San Francisco, San Francisco General Hospital, University of Pennsylvania, Duke University, Duke University Hospital, Duke Medical Center, University of Lausanne"
Simon M. N. Efange,Simon M. N. Efange,78,1631,24,2012,"University of Buea, University of Minnesota, University of California, Santa Barbara, Swiss Tropical and Public Health Institute, University of Glasgow, Hunter College, Florida College, City University of New York, University of Florida, University of Pennsylvania"
Edgar López-López,Edgar López‐López,69,884,17,2018,"Instituto Politécnico Nacional, Universidad Nacional Autónoma de México, Center for Research and Advanced Studies of the National Polytechnic Institute, Universidad Veracruzana"
Alice Cortesi,Alice Cortesi,15,261,6,2015,"Istituti di Ricovero e Cura a Carattere Scientifico, European Institute of Oncology, Istituto Nazionale Genetica Molecolare"
Víctor M Diaz,Víctor M. Díaz,46,2097,24,2012,"Universitat Internacional de Catalunya, Universitat Pompeu Fabra, Hospital del Mar Research Institute, Josep Carreras Leukaemia Research Institute, Universitat de Barcelona, Barcelona Biomedical Research Park, Washington University in St. Louis, University of Central Florida, Vita-Salute San Raffaele University, Municipal Institute for Medical Research"
Sergi Bayod,Sergi Bayod,17,793,11,2012,"Leitat Technological Center, Institute for Research in Biomedicine, Universitat Politècnica de Catalunya, Universitat de Barcelona, Biomedical Research Networking Center on Neurodegenerative Diseases"
Camille Stephan-Otto Attolini,Camille Stephan‐Otto Attolini,146,7674,32,2012,"Institute for Research in Biomedicine, Barcelona Institute for Science and Technology, Institute of Science and Technology, Institute for Research in Biomedicine, Ludwig-Maximilians-Universität München, University of Warwick, LMU Klinikum, Universitat Politècnica de Catalunya, Memorial Sloan Kettering Cancer Center, Leipzig University"
Anja Scholzen,Anja Scholzen,62,3294,30,2012,"Radboud University Medical Center, Radboud University Nijmegen, Monash University, University Medical Center, The University of Melbourne, The Royal Melbourne Hospital, Austin Hospital, Burnet Institute"
Francesco Raimondi,Francesco Raimondi,241,6099,43,2012,"University of Naples Federico II, Federico II University Hospital, University of Chieti-Pescara, Fondazione IRCCS Ca' Granda Ospedale Maggiore Policlinico, University of Turin, Azienda Ospedaliera Citta' della Salute e della Scienza di Torino, CEA Cadarache, CEA Grenoble, Commissariat à l'Énergie Atomique et aux Énergies Alternatives, Amsterdam UMC Location University of Amsterdam"
Fernanda I. Saldívar-Gonzalez,Fernanda I. Saldívar‐González,57,926,16,2016,"Universidad Nacional Autónoma de México, Universidad Autónoma Monterrey, Universidad Marista, Rede de Química e Tecnologia"
Cyril T. Namba-Nzanguim,Cyril T. Namba-Nzanguim,10,52,5,2022,University of Buea
Violeta Serra,Violeta Serra,829,19209,68,2012,"European Commission, Vall d'Hebron Hospital Universitari, Vall d'Hebron Institute of Oncology, Instituto de Salud Carlos III, Vall d'Hebron Institut de Recerca, Universitat Autònoma de Barcelona, Centro de Investigación en Red en Enfermedades Cardiovasculares, Centro de Investigación Biomédica en Red, Washington University in St. Louis, Centro de Investigación Biomédica en Red de Cáncer"
Ziaurrehman Tanoli,Ziaurrehman Tanoli,60,1734,14,2017,"University of Helsinki, Institute for Molecular Medicine Finland, Helsinki University Hospital, Biocenter Finland, Finland University, Technical University of Munich, AstraZeneca (United Kingdom), Temple University, Pasteur Institute of Iran, Shahid Beheshti University"
Kennedy Malama,Kennedy Malama,23,806,14,2012,"Ministry of Health, University of KwaZulu-Natal, Stellenbosch University, University Teaching Hospital, Centre for Infectious Disease Research in Zambia, Michigan State University, University of Zambia"
Sara Franceschi,Sara Franceschi,77,709,15,2015,"Fondazione Pisa, International Flame Research Foundation, University of Pisa, Azienda Ospedaliera Universitaria Pisana, University of Arizona"
Lídia Mateo,Lídia Mateo,39,689,12,2012,"Institute for Research in Biomedicine, Institute of Science and Technology, Universitat Politècnica de Catalunya, Institut de Biologia Evolutiva, Universitat Pompeu Fabra"
Robert J Allaway,Robert J. Allaway,61,591,13,2012,"Sage Bionetworks, Dartmouth College, Massachusetts General Hospital, Center for Drug Evaluation and Research"
Rubão Bila,Rubao Bila,8,49,4,2017,Manhiça Health Research Centre
Víctor Alcalde,Víctor Alcalde,49,1144,15,2012,"Translational Therapeutics (United States), University of Pennsylvania, Institute for Research in Biomedicine, Universitat Politècnica de Catalunya, Aria - Jefferson Health, Temple University, Temple University Hospital, Instituto Aragonés de Ciencias de la Salud, University of California, San Diego, University of Illinois Chicago"
Jordi Mestres,Jordi Mestres,210,7394,47,2012,"Chemo (Spain), Thrombotargets (Spain), Universitat de Girona, Hospital del Mar Research Institute, Municipal Institute for Medical Research, Universitat Ramon Llull, Merck (Germany), Instruct-ERIC, Goethe University Frankfurt, Hospital Del Mar"
Pietro Lio,Píetro Lió,1044,34503,64,2012,"University of Cambridge, Sapienza University of Rome, Northwestern University, University of Basilicata, University of Manchester, University of Salerno, Istituti di Ricovero e Cura a Carattere Scientifico, Bridge University, Institut national de recherche en informatique et en automatique, Centre National de la Recherche Scientifique"
Matthew Todd,Matthew T. Roe,640,31728,96,2012,"Clinical Research Institute, Duke Medical Center, AstraZeneca (United States), Duke University, National Institute of Neurological Disorders and Stroke, University of Miami, University of Minnesota, Emory University, University of California, San Francisco, University of Cincinnati"
Anna Montaner,Amparo Escribano Montaner,68,529,14,2012,"Right to Care, University of the Witwatersrand, Open Evidence, Ersilia Open Source Initiative, Universitat de València, Instituto de Física Corpuscular, University of Padua, Hospital Clínico Universitario de Valencia, Sociedad Española de Nefrología, Generalitat Valenciana"
Carlota Dobaño,Carlota Dobaño,268,9975,46,2012,"Universitat de Barcelona, Barcelona Institute for Global Health, Centro de Investigación Biomédica en Red, Centro de Investigación en Red en Enfermedades Cardiovasculares, Instituto de Salud Carlos III, Departament de Salut, Manhiça Health Research Centre, Fundación para el Fomento de la Investigación Sanitaria y Biomédica de la Comunitat Valenciana, Centro de Investigación Biomédica en Red de Epidemiología y Salud Pública, Hospital Clínic de Barcelona"
Nelisha Pillay,Nelishia Pillay,190,1841,23,2012,"University of Pretoria, IEEE Computer Society, Zimmer Biomet (United States), University of Nottingham, University of KwaZulu-Natal, John Wiley & Sons (United Kingdom), Umkhuseli Innovation and Research Management"
Martina Locatelli,Martina Locatelli,70,1792,17,2012,"University of Brescia, National Hospital for Neurology and Neurosurgery, University College London, University of Milan, ASST Fatebenefratelli Sacco, Luigi Sacco Hospital, Medical University of Graz, MRC Prion Unit, University of Milano-Bicocca, Azienda Socio Sanitaria Territoriale della Valtellina e Alto Lario"
David Amat,David Amat,6,137,4,2014,"Universitat Politècnica de Catalunya, Institute for Research in Biomedicine, Institute for Bioengineering of Catalonia"
Mehdi Damaghi,Mehdi Damaghi,85,2831,19,2012,"Moffitt Cancer Center, Stony Brook Medicine, Stony Brook School, Stony Brook University, University of South Florida, Cancer Research Center, ETH Zurich, Technische Universität Dresden, Tarbiat Modares University"
Chakit Arora,Chakit Arora,28,596,11,2012,"Scuola Normale Superiore, Indraprastha Institute of Information Technology Delhi, Indian Institute of Technology Delhi, Translational Health Science and Technology Institute"
Gemma Turon,Gemma Turón,25,596,7,2017,"Ersilia Open Source Initiative, Open Evidence, Institute for Research in Biomedicine, Universitat Politècnica de Catalunya, Institut d'Investigació Biomédica de Bellvitge"
Mwila Mulubwa,Mwila Mulubwa,29,154,8,2015,"University of Cape Town, South African Medical Research Council, University of the Western Cape, North-West University, Pharmac, University of Zambia"
Carlson C,C. W. Carlson,363,19102,72,2012,"University of Colorado System, University of Colorado Boulder, University of California, Berkeley, Space Science Institute, Goddard Space Flight Center, University of Calgary, University of California, Los Angeles, Technische Universität Braunschweig, University of California System, University of Kentucky"
Yasmmin Martins,Yasmmin Martins,38,100,6,2012,"Fundación Ciencias Exactas y Naturales, University of Buenos Aires, Laboratório Nacional de Computação Científica, Netherlands Aerospace Centre, Military Institute of Engineering, Instituto Federal Fluminense"
Albert Gris-Oliver,Albert Gris‐Oliver,89,1133,11,2012,"Consorci Institut D'Investigacions Biomediques August Pi I Sunyer, Aarhus University, Universitat de Barcelona, Vall d'Hebron Institute of Oncology, CIBBIM-Nanomedicine, Vall d'Hebron Hospital Universitari, University of Brescia"
Víctor Martínez,Víctor M. Martínez‐Taboada,88,4890,26,2012,"Marqués de Valdecilla University Hospital, Instituto de Investigación Marqués de Valdecilla, Universidad de Cantabria, Center for Rheumatology, Fundación Marques de Valdecilla, Pfizer (United States), Roche (Switzerland), Servicio Cántabro de Salud, Mayo Clinic"
Simeon Akame,Siméon Akame,4,8,1,2021,"University of Buea, Catholic University of Central Africa"
Jason Hlozek,Jason Hlozek,9,126,6,2016,University of Cape Town
Izukanji Sikazwe,Izukanji Sikazwe,138,2350,26,2012,"Centre for Infectious Disease Research in Zambia, University of Zambia, Brooke Army Medical Center, Michigan State University, Lusaka Apex Medical University, Greater Lawrence Family Health Center, National Institutes of Health, Beth Israel Deaconess Medical Center, Ministry of Health, Johns Hopkins University"
Joan Maynou,Joan Maynou,17,209,8,2012,"Hospital Sant Joan de Déu Barcelona, Institut de Recerca Sant Joan de Déu, Centre for Biomedical Network Research on Rare Diseases, Instituto de Salud Carlos III, Grifols (Spain), Sant Joan de Déu Research Foundation, Universitat Politècnica de Catalunya, Biomedical Research Networking Center in Bioengineering, Biomaterials and Nanomedicine, Universitat de Barcelona"
Jake M Pry,Jake M. Pry,69,1033,16,2014,"University of California, Davis, Centre for Infectious Disease Research in Zambia, California Department of Public Health, Washington University in St. Louis, University of Peradeniya, Renal Research Institute, University of Washington, Smith Clinic"
Maximillian Mpina,Maxmillian Mpina,63,2380,23,2012,"Swiss Tropical and Public Health Institute, Ifakara Health Institute, University of Basel, Medical Care Development International, Kwame Nkrumah University of Science and Technology, National University of Equatorial Guinea, National Influenza Center"
John L Cleveland,John L. Cleveland,534,30357,88,2012,"Moffitt Cancer Center, University of Alabama at Birmingham, Scripps Research Institute, Children's Hospital of Los Angeles, University of Amsterdam, Molecular Oncology (United States), White Ribbon Alliance, University of Cincinnati Medical Center, University of Tampa, University of South Florida"
Johann Gasteiger,Johann Gasteiger,411,23475,60,2012,"Friedrich-Alexander-Universität Erlangen-Nürnberg, Molecular Networks (Germany), University of Padua, Beijing University of Chemical Technology, University of Trieste, University of Ferrara, Technical University of Munich, Universidad de Costa Rica, Ludwig-Maximilians-Universität München, Institute of Bioinformatics and Systems Biology"
Pedram Razavi,Pedram Razavi,487,21038,53,2012,"Memorial Sloan Kettering Cancer Center, Cornell University, Kettering University, University of California, San Diego, Weill Cornell Medicine, Moores Cancer Center, Icahn School of Medicine at Mount Sinai, Eli Lilly (United States), Faculty of 1000 (United States), ORCID"
Javier Ramírez-Montoya,Javier Ramírez Montoya,15,38,4,2013,"University of Córdoba, University of Sucre, Morelia Institute of Technology"
Antonio García de Herreros,Antonio Garcı́a de Herreros,323,18774,68,2012,"Universitat Pompeu Fabra, Hospital Del Mar, Hospital del Mar Research Institute, Consejo Superior de Investigaciones Científicas, Barcelona Biomedical Research Park, Municipal Institute for Medical Research, Universitat Autònoma de Barcelona, Universitat de Barcelona, Parc de Salut, University of Dhaka"
Shuya Li,Shuya Li,87,2115,27,2012,"SUNY College of Environmental Science and Forestry, State University of New York, York University, Guangzhou Automobile Group (China), National Renewable Energy Laboratory, Fudan University, Huazhong University of Science and Technology, Jiamusi University, Henan Normal University, Qufu Normal University"
Marilyn Vasquez,Marilyn Vasquez,7,160,5,2013,"New York University, California State University, Long Beach"
Nicolas Soler,Nicolas Soler,37,720,13,2012,"Institute for Research in Biomedicine, Institut de Biologia Molecular de Barcelona, Universitat Politècnica de Catalunya, FC Barcelona, Institució Catalana de Recerca i Estudis Avançats, MRC Laboratory of Molecular Biology, Medical Research Council, Institut de Chimie des Substances Naturelles, Centre National de la Recherche Scientifique"
Jing Tang,Jing Tang,485,23731,74,2012,"East China Normal University, Hubei University of Technology, First Affiliated Hospital of Xinjiang Medical University, Xinjiang Medical University, Zunyi Medical University, Xi'an Jiaotong University, Guangxi University, University of South China, Guangxi Medical University, Chongqing Medical University"
Dina Ricardo-Caldera,Dina Ricardo-Caldera,19,64,6,2015,"Universidad del Sinú, Universidad Nacional de Colombia, University of Córdoba"
Ramón Alain Miranda-Quintana,Ramón Alain Miranda‐Quintana,136,1898,28,2013,"University of Florida, Gainesville Obstetrics & Gynecology, York University, Toronto Public Health, McMaster University, University of Havana, Indian Institute of Technology Kharagpur, Higher Institute of Technologies and Applied Sciences"
Jacob Mutale,Jacob Mutale,14,78,4,2020,Centre for Infectious Disease Research in Zambia
Daniela S Gerhard,Daniela S. Gerhard,322,53839,73,2012,"National Cancer Institute, ORCID, Center for Cancer Research, National Institutes of Health, Office of Public Health Genomics, Canada's Michael Smith Genome Sciences Centre, University of British Columbia, BC Cancer Agency, Nationwide Children's Hospital, Children's Oncology Group"
Bence Szalai,Bence Szalai,62,1973,19,2012,"Semmelweis University, HUN-REN Research Centre for Natural Sciences, Hungarian Academy of Sciences, Institute of Molecular Life Sciences, Research Network (United States), Joint Research Centre, RWTH Aachen University, Institute of Materials and Environmental Chemistry"
Jake M. Pry,Jake M. Pry,69,1033,16,2014,"University of California, Davis, Centre for Infectious Disease Research in Zambia, California Department of Public Health, Washington University in St. Louis, University of Peradeniya, Renal Research Institute, University of Washington, Smith Clinic"
Carolyn Bolton Moore,Carolyn Bolton‐Moore,188,3232,27,2012,"University of Alabama at Birmingham, Centre for Infectious Disease Research in Zambia, University of Alabama, Westmead Hospital, University of North Carolina at Chapel Hill, St Vincent's Health, Family Health International 360, Johns Hopkins University, Ministry of Health, Institute of Social and Preventive Medicine"
Claudia Gomes,Cláudia G. Silva,164,8630,44,2012,"Universidade do Porto, Faculty (United Kingdom), Engineering (Italy), Universitat Politècnica de València, Consejo Superior de Investigaciones Científicas, Instituto de Tecnología Química, University of Calabria"
Natalia De Oliveira Rosa,Natalia De Oliveira Rosa,9,25,3,2022,Scuola Normale Superiore
Hèctor Sanz,Héctor Sanz,50,2432,25,2012,"Instituto Químico Biológico, Universitat de Barcelona, Barcelona Institute for Global Health, Institut Universitari d'Investigació en Atenció Primària Jordi Gol, Institut Català de la Salut, Centro de Investigación Biomédica en Red de Epidemiología y Salud Pública, Hospital del Mar Research Institute, Municipal Institute for Medical Research, Hospital Del Mar"
Marina Gay,Marina Gay,68,1243,20,2012,"Institute for Research in Biomedicine, Institute for Research in Biomedicine, UC San Diego Health System, Barcelona Institute for Science and Technology, FC Barcelona, Shanghai Institute for Science of Science, Institute of Science and Technology, University Hospital of Basel, Institut d'Investigacions Biomèdiques de Barcelona, Universitat de Barcelona"
Julian Sherman,Julian Sherman,16,305,7,2012,New York University
Justin Guinney,Justin Guinney,383,35070,47,2012,"Sage Bionetworks, Tempus Labs (United States), University of Washington Medical Center, University of Washington, American Association For Cancer Research, Seattle University, Institute for Systems Biology, Fred Hutch Cancer Center, Cancer Research Center, Institut Gustave Roussy"
Orazio Santo Santonocito,Orazio Santo Santonocito,64,460,10,2018,"Ospedale di Livorno, Ospedale Santa Maria Goretti, Agostino Gemelli University Polyclinic, Azienda Ospedaliera Citta' della Salute e della Scienza di Torino, Humanitas University, Universitat de Barcelona, University of Pisa, Azienda Ospedaliera G.Rummo"
Fernando D. Prieto-Martínez,Fernando D. Prieto‐Martínez,39,720,17,2016,"Universidad Nacional Autónoma de México, Multidisciplinary Digital Publishing Institute (Switzerland), Rede de Química e Tecnologia"
Chenjerai Jairoce,Chenjerai Jairoce,46,1486,18,2016,"Manhiça Health Research Centre, Universitat de Barcelona, Barcelona Institute for Global Health, Departament de Salut"
Monika Roy,Monika Roy,40,1188,17,2012,"Rangpur Medical College, Santa Clara County Behavioral Health Services, Dinajpur Medical College, University of California, San Francisco, San Francisco General Hospital, Centers for Disease Control and Prevention, Epidemic Intelligence Service, Waterborne Environmental (United States), Center for Surveillance, Epidemiology, and Laboratory Services, National Center for Infectious Diseases"
María Camila Velasco,María Camila Velasco-Pareja,3,28,2,2020,University of Córdoba
Michael J. Vinikoor,Michael J. Vinikoor,144,1679,23,2012,"University of Alabama at Birmingham, University of Zambia, Centre for Infectious Disease Research in Zambia, University Teaching Hospital, University of Alabama at Birmingham Hospital, University of North Carolina at Chapel Hill, Tropical Gastroenterology & Nutrition group, Kaiser Permanente, Agence Nationale de la Recherche, Office of Infectious Diseases"
Ana L. Chávez-Hernández,Ana L. Chávez‐Hernández,48,232,8,2020,"Universidad Nacional Autónoma de México, Zero to Three"
Maurizio Scaltriti,Maurizio Scaltriti,652,23176,72,2012,"Memorial Sloan Kettering Cancer Center, AstraZeneca (United States), Istituti Ospitalieri di Cremona, Azienda Socio Sanitaria Territoriale di Cremona, AstraZeneca (United Kingdom), University of Trieste, Vall d'Hebron Institut de Recerca, Memorial Hospital, Kettering University, AstraZeneca (Brazil)"
Meritxell Bellet,Meritxell Bellet,208,5002,30,2012,"Vall d'Hebron Institute of Oncology, Vall d'Hebron Hospital Universitari, CIBBIM-Nanomedicine, Hebron University, University of Oslo, Universitat Autònoma de Barcelona, Solti, International Breast Cancer Study Group, Sarah Cannon, Tennessee Oncology"
Ron Realubit,Ron Realubit,7,75,3,2020,"Columbia University Irving Medical Center, Columbia University"
Andrew D. Kerkhoff,Andrew D. Kerkhoff,131,3097,33,2012,"San Francisco General Hospital, University of California, San Francisco, University of California System, University of San Francisco, City College of San Francisco, University of Cape Town, Amsterdam Institute for Global Health and Development, Amsterdam UMC Location University of Amsterdam, University of Amsterdam, Desmond Tutu HIV Foundation"
Julio Saez-Rodriguez,Julio Sáez-Rodríguez,622,35279,85,2012,"University Hospital Heidelberg, Heidelberg University, European Bioinformatics Institute, European Molecular Biology Laboratory, RWTH Aachen University, European Molecular Biology Organization, Heidelberg University, German Centre for Cardiovascular Research, GlaxoSmithKline (United Kingdom), Joint Research Centre"
Gema Rojas-Granado,Gema Rojas-Granado,1,0,0,2025,Institute for Research in Biomedicine
Oyere T. Ebob,Oyere T. Ebob,3,35,2,2021,"Nottingham Trent University, University of Buea"
Katayoun Taghavi,Katayoun Taghavi,43,573,14,2015,"Centre international de recherche sur le cancer, Institute of Social and Preventive Medicine, University of Bern, Swiss Tropical and Public Health Institute, Royal Australian and New Zealand College of Obstetricians and Gynaecologists, Women's Hospital, University Hospital of Bern, Chittaranjan National Cancer Institute, Christchurch Hospital"
Rosauro Varo,Rosauro Varo,91,1298,21,2016,"Universitat de Barcelona, Manhiça Health Research Centre, Barcelona Institute for Global Health, Instituto Nacional de Saúde, London School of Hygiene & Tropical Medicine, Hospital Sant Joan de Déu Barcelona, Centro de Investigación Biomédica en Red de Epidemiología y Salud Pública, Hospital Clínic de Barcelona"
Gema Rojans-Granado,Gema Rojans-Granado,1,0,0,2024,Institute for Research in Biomedicine
Xavier Barril,Xavier Barril,187,6837,41,2012,"Universitat de Barcelona, Institució Catalana de Recerca i Estudis Avançats, Institut de Biomedicina de la Universitat de Barcelona, Highlight Therapeutics (Spain), Institute for Biomedicine, FC Barcelona, Institute for Research in Biomedicine, Fundación Ciencias Exactas y Naturales, Consejo Nacional de Investigaciones Científicas y Técnicas, University of Buenos Aires"
Raquel Rodríguez-Pérez,Raquel Rodríguez-Pérez,58,1832,21,2014,"Novartis (Switzerland), Novartis Institutes for BioMedical Research, University of Bonn, Bonn Aachen International Center for Information Technology, Schiller International University, Boehringer Ingelheim (Germany), Institute for Bioengineering of Catalonia, Barcelona Institute for Science and Technology"
Lourdes Palacios,Lourdes Palacios,29,587,12,2012,"Grifols (Spain), University of the Basque Country, Medford Radiology Group, Euskadiko Parke Teknologikoa, Cultura"
Elvin H. Geng,Elvin Geng,375,9597,54,2012,"Washington University in St. Louis, University of Washington, University of Missouri–St. Louis, Infectious Diseases Institute, Health Care Foundation, Makerere University, National Institute of Allergy and Infectious Diseases, James Cook University, University of California, San Francisco, City University of New York"
Adrià Fernández-Torras,Adrià Fernández‐Torras,23,227,6,2018,"Institute for Research in Biomedicine, Thrombotargets (Spain), Chemo (Spain), Universitat Politècnica de Catalunya"
Augusto Nhabomba,Augusto Nhabomba,56,1380,23,2012,"Manhiça Health Research Centre, American Society for Clinical Pathology"
Elena Pareja-Lorente,Elena Pareja-Lorente,5,40,2,2022,Institute for Research in Biomedicine
Kelly Chibale,Kelly Chibale,268,5746,40,2012,"University of Cape Town, South African Medical Research Council, Discovery Centre, Weatherford College, University of Nairobi, Ghent University, San Francisco General Hospital, University of California, San Francisco, Scripps Research Institute"
Aurore Bouyoukou Hounkpatin,Aurore Bouyoukou Hounkpatin,12,627,11,2012,"University of Tübingen, Centre de Recherche Médicales de Lambaréné, German Center for Infection Research, Albert Schweitzer Hospital"
Helene J Smith,Helene Smith,27,204,7,2012,"UNSW Sydney, Centre for Infectious Disease Research in Zambia, Cancer Research Institute, California Pacific Medical Center, Aircraft Research Association, Weatherford College, Short and Associates (United States), University of Wolverhampton, Peralta Community College District, University of Pittsburgh at Greensburg"
Norberto Sánchez-Cruz,Norberto Sánchez‐Cruz,49,645,14,2017,"Universidad Nacional Autónoma de México, Autonomous University of Yucatán, Thrombotargets (Spain), Zero to Three"
Turon G,Genis Turon Teixidor,14,265,6,2012,"University of California, Irvine, Irvine University, Lund University"
Theodora Savory,Theodora Savory,19,132,6,2016,"Centre for Infectious Disease Research in Zambia, Johns Hopkins University, Ministry of Health"
José Manuel Mas,José Manuel Mas,49,779,17,2012,"Anaxomics (Spain), Universitat Autònoma de Barcelona, Hospital de Sant Pau, Pasqual Maragall Foundation, Institut d'Investigacions Biomèdiques de Barcelona, Consorci Institut D'Investigacions Biomediques August Pi I Sunyer, Puigvert Foundation, National Heart Lung and Blood Institute"
Pasquale Miglionico,Pasquale Miglionico,11,40,4,2019,"Scuola Normale Superiore, University of Pisa"
Aleix Gimeno,Aleix Gimeno,18,660,8,2014,"Universitat Rovira i Virgili, Institute for Research in Biomedicine, Universitat Politècnica de Catalunya, Zero to Three, Oslo University Hospital, University of Oslo"
Ana Rodriguez,Ana M. Soto,283,37336,79,2012,"Tufts University, Aalto University, École Normale Supérieure - PSL, Icahn School of Medicine at Mount Sinai, Centre National de la Recherche Scientifique, Collège de France, École Normale Supérieure, Boston University, Universidad Complutense de Madrid, Tampere University"
Jane Matambo,Jane Matambo,10,62,4,2012,"Centre for Infectious Disease Research in Zambia, University of KwaZulu-Natal"
Nils Kurzawa,Nils Kurzawa,43,2531,22,2013,"European Molecular Biology Laboratory, European Molecular Biology Laboratory, European Molecular Biology Organization, Heidelberg University, German Cancer Research Center, European Molecular Biology Laboratory, University of Oxford, MRC Brain Network Dynamics Unit, Medical Research Council, Heidelberg University"
Mathew Njoroge,Mathew Njoroge,68,1176,20,2012,"University of Cape Town, Discovery Centre, South African Medical Research Council"
Clovis S. Metuge,Clovis S. Metuge,2,2,1,2024,University of Buea
Mulindi Mwanahamuntu,Mulindi Mwanahamuntu,87,2209,24,2012,"University Teaching Hospital, University of Zambia, Lusaka Apex Medical University, Ministry of Health, University of North Carolina at Chapel Hill, University of Washington, National HIV/AIDS/STI/TB Council, Centre international de recherche sur le cancer, Centre for Infectious Disease Research in Zambia, University of Alabama at Birmingham"
Belinda Chihota,Belinda Chihota,19,150,7,2016,"Centre for Infectious Disease Research in Zambia, University of Bern, Institute of Social and Preventive Medicine, London School of Hygiene & Tropical Medicine, University of Northampton"
Poisot T,Timothée Poisot,311,6645,40,2012,"Université de Montréal, Cégep Marie-Victorin, McGill University, University of British Columbia, University of Canterbury, Université du Québec à Rimouski, Institute for Biodiversity, Laboratoire de Géographie Physique, Université de Montpellier, Institut des Sciences de l'Evolution de Montpellier"
Alfredo Mayor,Alfredo Mayor,222,6852,47,2012,"Universitat de Barcelona, Manhiça Health Research Centre, Barcelona Institute for Global Health, Departament de Salut, Eduardo Mondlane University, Centro de Investigación Biomédica en Red de Epidemiología y Salud Pública, Instituto de Salud Carlos III, Hospital Clínic de Barcelona, Université de Tours, Inserm"
Adrià Fernández‐Torras,Adrià Fernández‐Torras,23,227,6,2018,"Institute for Research in Biomedicine, Thrombotargets (Spain), Chemo (Spain), Universitat Politècnica de Catalunya"
Tingzhong Tian,Tingzhong Tian,32,763,11,2017,"Tsinghua University, National Institute on Aging, Jiangsu Provincial Center for Disease Control and Prevention, China Medical University"
Conrad V. Simoben,Conrad V. Simoben,47,982,18,2014,"University of Buea, University of Toronto, Structural Genomics Consortium, Martin Luther University Halle-Wittenberg, University of Douala"
José L. Medina-Franco,José L. Medina‐Franco,506,12213,59,2012,"Universidad Nacional Autónoma de México, Torrey Pines Institute For Molecular Studies, Universidad Autónoma Monterrey, Center for Research and Advanced Studies of the National Polytechnic Institute, Bioscience (China), Multidisciplinary Digital Publishing Institute (Switzerland), Universidad Marista, Rede de Química e Tecnologia, University of Central Florida, Mayo Clinic in Arizona"
Shuyu Zheng,Shuyu Zheng,61,1599,18,2016,"Second Affiliated Hospital of Zhejiang University, University of Helsinki, Sun Yat-sen University, Chengdu University of Traditional Chinese Medicine, Yunnan University, Zhongshan Ophthalmic Center, Sun Yat-sen University, ORCID, Oncos Therapeutics (Finland), Guangzhou Medical University, Institute for Molecular Medicine Finland"
Ryan SJ,Ryan Sj,18,107,5,2012,"Southern California University for Professional Studies, University of Southern California"
Martino Bertoni,Martino Bertoni,33,17224,14,2012,"Institute for Research in Biomedicine, Universitat Politècnica de Catalunya, University of Basel, SIB Swiss Institute of Bioinformatics, University of Milano-Bicocca"
Pau Badia,Pietro Badia,113,5220,36,2012,"Universitat de Barcelona, Sriwijaya University, Bowling Green State University, University of Southern Mississippi, Walter Reed Army Institute of Research, SUNY Geneseo, Ohio University"
Victor Alcalde,Víctor Alcalde,49,1144,15,2012,"Translational Therapeutics (United States), University of Pennsylvania, Institute for Research in Biomedicine, Universitat Politècnica de Catalunya, Aria - Jefferson Health, Temple University, Temple University Hospital, Instituto Aragonés de Ciencias de la Salud, University of California, San Diego, University of Illinois Chicago"
Chandy C. John,Chandy C. John,338,8483,47,2012,"Indiana University – Purdue University Indianapolis, Indiana University School of Medicine, Center for Global Health, World Health Organization - Uganda, Kenya Medical Research Institute, Indiana University, Riley Hospital for Children, Imperial College London, Indiana University Health, Makerere University"
Verena Chung,Verena Chung,55,1054,14,2017,"Sage Bionetworks, Harvard University, Boston VA Research Institute"
Brad H. Pollock,Brad H. Pollock,277,11749,55,2012,"University of California, Davis, UC Davis Comprehensive Cancer Center, University of Louisiana at Lafayette, The University of Texas Health Science Center at San Antonio, RELX Group (United States), The University of Texas Southwestern Medical Center, Community Health Center, Community Regional Medical Center, Atrium Health Wake Forest Baptist, Shasta College"
Ruth Namazzi,Ruth Namazzi,88,492,12,2013,"Makerere University, World Health Organization - Uganda, Indiana University – Purdue University Indianapolis, Indiana University School of Medicine, Aga Khan University, Center for Global Health, Jinja Hospital, Université de Montréal, Cincinnati Children's Hospital Medical Center, Indiana University"
Carles Pons,Carles Pons,112,5241,31,2012,"Barcelona Institute for Science and Technology, Institute for Research in Biomedicine, Hospital de Viladecans, Institut d'Investigació Biomédica de Bellvitge, Universitat Politècnica de Catalunya, University of Minnesota, Twin Cities Orthopedics, Bellvitge University Hospital, Barcelona Supercomputing Center, Clínica Girona"
Oriol Guitart-Pla,Oriol Guitart-Pla,18,334,8,2014,"Institute for Research in Biomedicine, Universitat Politècnica de Catalunya, Institut Pasteur, Centre National de la Recherche Scientifique, Columbia University"
Miquel Duran-Frigola,Miquel Duran‐Frigola,93,3281,25,2012,"Institute for Research in Biomedicine, Clínica Girona, Open Evidence, Ersilia Open Source Initiative, CeMM Research Center for Molecular Medicine, Austrian Academy of Sciences, Universitat Politècnica de Catalunya, Centre for Infectious Disease Research in Zambia, Institute for Research in Biomedicine, Barcelona Institute for Science and Technology"
Miquel Duran‐Frigola,Miquel Duran‐Frigola,93,3281,25,2012,"Institute for Research in Biomedicine, Clínica Girona, Open Evidence, Ersilia Open Source Initiative, CeMM Research Center for Molecular Medicine, Austrian Academy of Sciences, Universitat Politècnica de Catalunya, Centre for Infectious Disease Research in Zambia, Institute for Research in Biomedicine, Barcelona Institute for Science and Technology"
Oscar Méndez-Lucio,Oscar Méndez‐Lucio,63,1907,24,2012,"Recursion (United States), Bayer (France), Arrien Pharmaceuticals (United States), Janssen (United States), Janssen (Belgium), Bayer (Germany), Universidad Nacional Autónoma de México, University of Cambridge, Rede de Química e Tecnologia, Unilever (United Kingdom)"
Giuseppe Riccardo Diaferia,Giuseppe R. Diaferia,70,1912,22,2012,"European Institute of Oncology, Istituti di Ricovero e Cura a Carattere Scientifico, Humanitas University, Engineering (Italy), Eni (Italy), University of California, San Diego, Annamalai University, Bial (Portugal), Scripps Whittier Diabetes Institute, National Academies of Sciences, Engineering, and Medicine"
Kennedy Lishimpi,Kennedy Lishimpi,44,1519,17,2012,"Ministry of Health, Lusaka Apex Medical University, University of Zambia, American Society of Clinical Oncology, Ministry of Health, Instituto Nacional de Cancerología, Chest Diseases Hospital, University Teaching Hospital, University College London, Dartmouth–Hitchcock Medical Center"
Catalina Tovar Acero,Catalina Tovar,35,266,10,2013,"Universidad del Sinú, Universidad Nacional de Colombia, San Sebastián University, University of Cartagena, University of Córdoba, Universidad del Rosario"
Robert Sauerwein,Robert W. Sauerwein,510,31080,97,2012,"Radboud University Nijmegen, Radboud University Medical Center, University Medical Center, TropIQ Health Sciences, National Center for Infectious Diseases, Radboud Institute for Molecular Life Sciences, Barcelona Institute for Global Health, Universitat de Barcelona, Sanaria, London School of Hygiene & Tropical Medicine"
Francesco Pasqualetti,Francesco Pasqualetti,183,2404,27,2012,"Azienda Ospedaliera Universitaria Pisana, University of Pisa, University of Oxford, Istituto Oncologico Veneto, Istituti di Ricovero e Cura a Carattere Scientifico, University of Padua, Ospedale Santa Chiara, Institut Gustave Roussy, Inserm, Université Paris-Saclay"
Becker DJ,Becker Dj,4,58,2,2012,Boston Children's Hospital
Eduardo Pauls,Eduardo Pauls,50,1328,22,2012,"Universitat Politècnica de Catalunya, Institute for Research in Biomedicine, Universitat Autònoma de Barcelona, IrsiCaixa, Hospital Universitari Germans Trias i Pujol, University of Dundee, MRC Protein Phosphorylation and Ubiquitylation Unit, Medical Research Council"
Wenyu Wang,Wenyu Wang,212,6728,36,2012,"Sun Yat-sen University, Sixth Affiliated Hospital of Sun Yat-sen University, Peking University, Dalian Medical University, Southwest Petroleum University, Qingdao University, American Pharmacists Association, Zhejiang University, Shandong University, University College London"
Xin Qiu,Xin Qiu,97,4172,28,2012,"University College London, Cognizant (United States), Intel (United Kingdom), East China Normal University, Shanghai Key Laboratory of Trustworthy Computing, University of Electronic Science and Technology of China, The University of Texas at Austin, Foshan University, Stanford University, Columbia University"
Robert J Gillies,Robert J. Gillies,921,73961,120,2012,"Moffitt Cancer Center, University of Calgary, Arizona Oncology, Advanced Medical Institute (Australia), Royal North Shore Hospital, Cancer Research Center, Johns Hopkins University, OncoRay, Helmholtz-Zentrum Dresden-Rossendorf, University Hospital Carl Gustav Carus"
Charles Karan,Charles Karan,180,2063,23,2012,"Columbia University Irving Medical Center, Columbia University, New York Genome Center, High Throughput Biology (United States), Creative Commons, National Center on Addiction and Substance Abuse at Columbia University, Weatherford College, Center for Systems Biology, Cancer Genetics (United States), Rockefeller University"
Isabelle Brun-Heath,Isabelle Brun‐Heath,75,3288,26,2012,"Institute for Research in Biomedicine, Institute of Science and Technology, Universitat Politècnica de Catalunya, Université de Moncton, Institute for Research in Biomedicine, Barcelona Supercomputing Center, FC Barcelona, Shanghai Institute for Science of Science, Barcelona Institute for Science and Technology, Centro Nacional de Análisis Genómico"
Eytan Ruppin,Eytan Ruppin,990,30703,93,2012,"National Cancer Institute, National Institutes of Health, Center for Cancer Research, Cancer Institute (WIA), Discovery Institute, Sanford Burnham Prebys Medical Discovery Institute, Royal Marsden Hospital, Royal Ottawa Mental Health Centre, Weatherford College, University of Cambridge"
Andrea L. Conroy,Andrea L. Conroy,217,4015,36,2012,"Indiana University School of Medicine, Indiana University – Purdue University Indianapolis, Makerere University, World Health Organization - Uganda, Center for Global Health, Riley Hospital for Children, Indiana University, Indianapolis Zoo, University School, Infectious Diseases Research Collaboration"
Myriam Elena Cantero,Miriam Cantero,10,29,4,2018,"University of Córdoba, Cordoba University"
Roberto Mosca,Roberto Mosca,34,3943,22,2012,"Wythenshawe Hospital, University of Manchester, Institute for Research in Biomedicine, Mútua Terrassa, Centro de Investigación Biomédica en Red, Centre for Biomedical Network Research on Rare Diseases, Universitat de Barcelona, Hospital Sant Joan de Déu Barcelona, UNSW Sydney, Centro Nacional de Análisis Genómico"
Gioacchino Natoli,Gioacchino Natoli,234,31547,74,2012,"European Institute of Oncology, Istituti di Ricovero e Cura a Carattere Scientifico, Humanitas University, Humanitas (United States), Institute of Oncology Research, California Institute of Technology, Howard Hughes Medical Institute, University of California, Los Angeles, Walter and Eliza Hall Institute of Medical Research, University of California, San Diego"
Modesto Orozco-Ruiz,Modesto Orozco-Ruiz,9,78,2,2020,"Imperial College London, Universitat Politècnica de Catalunya, Institute for Research in Biomedicine"
Fangping Wan,Fangping Wan,40,1839,18,2016,"Translational Therapeutics (United States), University of Pennsylvania, California University of Pennsylvania, Tsinghua University, Philadelphia University, Penn Center for AIDS Research, Silexon AI Technology (China)"
Dibyadyuti Datta,Dibyadyuti Datta,67,834,16,2015,"Indiana University – Purdue University Indianapolis, Indiana University School of Medicine, Indiana University, University School, Center for Global Health, Indiana University Health, Indiana Clinical and Translational Sciences Institute, Makerere University, Jinja Hospital, Université de Montréal"
Lyn-Marié Birkholtz,Lyn‐Marié Birkholtz,163,2903,30,2012,"University of Pretoria, Institute for Sustainable Development, Stellenbosch University, National Center for Communicable Diseases, Clinton Health Access Initiative, University of California, San Francisco, National Department of Health, National Institute for Communicable Diseases, South African Medical Research Council, Groote Schuur Hospital"
Sonia Machevo,Sónia Machevo,35,2407,24,2012,"Manhiça Health Research Centre, Eduardo Mondlane University, Instituto Nacional de Saúde"
Alberto Pessia,Alberto Pessia,52,2665,18,2014,"University of Helsinki, Institute for Molecular Medicine Finland, Statistics Finland, Finland University, Gates Foundation, University of London"
Yuanpeng Xiong,Yuanpeng Xiong,16,301,7,2018,"Guangzhou Building Materials Institute, Tsinghua University, First Affiliated Hospital of Nanchang University, Nanchang University, Center for Information Technology"
Anjali Sharma,A. Sharma,574,16615,70,2012,"Centre for Infectious Disease Research in Zambia, Albert Einstein College of Medicine, Johns Hopkins University, Panjab University, University of Jammu, Vardhman Mahavir Medical College & Safdarjung Hospital, University of Kansas, Mohanlal Sukhadia University, University of California, San Diego, Institute of Nuclear Physics, Polish Academy of Sciences"
Gemma Moncunill,Gemma Moncunill,154,3779,33,2012,"Barcelona Institute for Global Health, Centro de Investigación Biomédica en Red, Universitat de Barcelona, Centro de Investigación en Red en Enfermedades Cardiovasculares, Instituto de Salud Carlos III, Departament de Salut, Fundación para el Fomento de la Investigación Sanitaria y Biomédica de la Comunitat Valenciana, Hospital Clínic de Barcelona, Manhiça Health Research Centre, Harvard University"
Teresa Juan-Blanco,Teresa Juan-Blanco,9,211,7,2014,"Institute for Research in Biomedicine, Universitat Politècnica de Catalunya, Institució Catalana de Recerca i Estudis Avançats"
Jack Mubita,Jack Mubita,1,26,1,2021,Centre for Infectious Disease Research in Zambia
Nana Aba Williams,Nana Aba Williams,42,888,17,2012,"Universitat de Barcelona, Barcelona Institute for Global Health, University of Reading, Institute for Research in Biomedicine"
John J Aponte,John J. Aponte,149,9946,49,2012,"Program for Appropriate Technology in Health, Clinical Insights, Gavi, Universitat de Barcelona, Manhiça Health Research Centre, Barcelona Institute for Global Health, U.S. President's Malaria Initiative, World Health Organization, Centro de Investigación Biomédica en Red de Epidemiología y Salud Pública, Military University Nueva Granada"
Pau Badia-i-Mompel,Pau Badia-i-Mompel,30,1672,11,2018,"University Hospital Heidelberg, Heidelberg University, Universitat Politècnica de Catalunya, Institute for Research in Biomedicine"
David Arteta,David Arteta,28,1026,18,2012,"Grifols (Spain), Euskadiko Parke Teknologikoa, Medford Radiology Group, Hospital Universitario Reina Sofía, Universidad Europea, Universidad Europea, Instituto de Medicina Genómica, University of Leicester"
Mariangela Morelli,Mariangela Morelli,66,1457,11,2012,"Fondazione Pisa, International Flame Research Foundation, University of Pavia, University of Milan, Duke University, National Research Council, Istituto di Fisiologia Clinica, University of Pisa, Azienda Ospedaliera Universitaria Pisana"
Selidji Todagbe Agnandji,Selidji Todagbé Agnandji,166,7345,42,2012,"Centre de Recherche Médicales de Lambaréné, University of Tübingen, German Center for Infection Research, Leiden University Medical Center, University Hospital Münster, Universitätsklinikum Tübingen, University Children's Hospital Tübingen, Bernstein Center for Computational Neuroscience Tübingen, German Institute for Disaster Medicine, Fonds National de la Recherche"
Michael E Herce,Michael E. Herce,87,1092,19,2012,"Centre for Infectious Disease Research in Zambia, University of North Carolina at Chapel Hill, Infectious Disease Research Institute, Indiana University School of Medicine, Kamuzu Central Hospital, University of Livingstonia, University of Health Science, Kamuzu University of Health Sciences, University of Malawi, Cone Health"
Marta Palafox,Marta Palafox,167,1616,16,2012,"Vall d'Hebron Institute of Oncology, University Hospital of Basel, University of Basel, CIBBIM-Nanomedicine, Hebron University, Vall d'Hebron Hospital Universitari, Institut d'Investigació Biomédica de Bellvitge, Vall d'Hebron Institut de Recerca, Universitat de Barcelona, Bellvitge University Hospital"
Paula Avilés,Pedro L. Sánchez,577,7759,45,2012,"Centro de Investigación Biomédica en Red, Universidad de Salamanca, Instituto de Investigación Biomédica de Salamanca, Centro de Investigación en Red en Enfermedades Cardiovasculares, Instituto de Salud Carlos III, Complejo Hospitalario de Salamanca, Hospital Universitario Reina Sofía, Comunidad de Madrid, Mexican Social Security Institute, University College London"
Albert Manasyan,Albert Manasyan,56,1554,16,2012,"Centre for Infectious Disease Research in Zambia, University of Alabama at Birmingham, Children's of Alabama, University of Alabama at Birmingham Hospital, Instituto de Efectividad Clínica y Sanitaria, Ulyanovsk State University, Eunice Kennedy Shriver National Institute of Child Health and Human Development, University of North Carolina at Chapel Hill, Indiana University – Purdue University Indianapolis, Aga Khan University"
Luisa Bisceglia,Luisa Bisceglia,6,35,3,2021,"Scuola Normale Superiore, University of Pisa"
Paola Rondón-Villarreal,Paola Rondón-Villarreal,40,573,10,2013,"Universidad De Santander, Universidad de Santander, Industrial University of Santander, Sociedade Brasileira de Química, Universidad Autónoma de Bucaramanga"
Fosca Giannotti,Fosca Giannotti,378,18188,58,2012,"National Research Council, Scuola Normale Superiore, Istituto di Scienza e Tecnologie dell'Informazione ""Alessandro Faedo"", Institute of Information Science, University of Pisa, Institute of Scientific and Technical Information of China, TU Dortmund University, Massachusetts Institute of Technology, University of California, Berkeley, University of Nicosia"
Harriet Daultrey,Harriet Daultrey,9,37,3,2012,"Brighton and Sussex Medical School, University of California, Davis, University of East Anglia"
Anna Luisa Di Stefano,Anna Luisa Di Stefano,145,3856,33,2012,"Hôpital Foch, Ospedale di Livorno, Sorbonne Université, Institut du Cerveau, Inserm, Assistance Publique – Hôpitaux de Paris, Centre National de la Recherche Scientifique, Pitié-Salpêtrière Hospital, Hôpital Charles-Foix, Université Sorbonne Nouvelle"
Robert O. Opoka,Robert O. Opoka,324,8349,44,2012,"World Health Organization - Uganda, Makerere University, Aga Khan University Nairobi, Jinja Hospital, Infectious Diseases Research Collaboration, Aga Khan University Hospital Nairobi, Mulago Hospital, Aga Khan University, Nationwide Children's Hospital, George Washington University"
William R Roush,William Roush,1512,24123,78,2012,"Ifm Therapeutics (United States), Scripps Research Institute, Scripps (United States), Scripps Institution of Oceanography, McMaster University, Wayne State University, Jupiter Medical Center, Springer Nature (Germany), University of California, San Francisco, Center for Discovery"
Marilia Valli,Marília Valli,69,1031,14,2012,"Universidade de São Paulo, Universidade Federal de São Carlos, Universidade de Ribeirão Preto, Istituto Superiore di Sanità, National Centre for Disease Prevention and Control, Universidade Estadual Paulista (Unesp)"
Benjamin Mordmüller,Benjamin Mordmüller,277,11042,54,2012,"Radboud University Nijmegen, Radboud University Medical Center, University Medical Center, University of Tübingen, Universitätsklinikum Tübingen, German Center for Infection Research, Centre de Recherche Médicales de Lambaréné, University Children's Hospital Tübingen, Leiden University Medical Center, Radboud Institute for Molecular Life Sciences"
Erez Persi,Erez Persi,41,963,13,2012,"National Institutes of Health, National Center for Biotechnology Information, United States National Library of Medicine, Tel Aviv University, University of Maryland, College Park, Centre de Neurophysique Physiologie et Pathologie, Université Paris Cité"
David Rossell,David Rossell,93,5912,21,2012,"Universitat Pompeu Fabra, Barcelona School of Economics, Bates College, Aarhus University, Science Oxford, University of California, San Diego, University of Southern California, Center for Economic and Policy Research, Institute for Research in Biomedicine, University of Warwick"
