author_id,author_name,works_count,cited_by_count,summary_stats_2yr_mean_citedness
https://openalex.org/A5053150433,Chenjerai Jairoce,44,1411,3.1333333333333333
https://openalex.org/A5081543021,Chenjerai T. S. Jairoce,2,115,0.0
https://openalex.org/A5022971452,Jairoce Chenjerai,1,0,0.0
https://openalex.org/A5096772909,Jude Y. Betow,4,1,0.0
https://openalex.org/A5004993690,Jacob Mutale,11,73,3.3333333333333335
https://openalex.org/A5100444820,Wei Wang,31392,863694,5.268698659749243
https://openalex.org/A5045213879,Tingzhong Tian,29,694,13.3
https://openalex.org/A5090010970,Pau Badia-i-Mompel,29,1163,21.0
https://openalex.org/A5095035935,Pau Badia i Mompel,1,0,0.0
https://openalex.org/A5067493579,Katayoun Taghavi,42,519,4.7272727272727275
https://openalex.org/A5035193797,Eli Fernández‐de Gortari,26,361,6.0
https://openalex.org/A5003921580,Eli Fernández-de-Gortari,3,26,7.0
https://openalex.org/A5035982681,Eli Fernández- de Gortari,1,3,0.0
https://openalex.org/A5026478452,Eli Fernandez-De Gortari,1,0,0.0
https://openalex.org/A5041961484,Sarat Chandarlapaty,617,21223,13.362068965517242
https://openalex.org/A5083915513,Lyn‐Marié Birkholtz,156,2747,2.5128205128205128
https://openalex.org/A5111268147,Lyn-Marié Birkholtz,1,0,0.0
https://openalex.org/A5105059983,Lyn-Marie Birkholtz,2,0,0.0
https://openalex.org/A5035993372,Birkholtz Lyn-Marie,1,0,0.0
https://openalex.org/A5058841357,Birkholtz Lyn-Marie,1,0,0.0
https://openalex.org/A5003706895,Adrià Fernández‐Torras,19,205,7.833333333333333
https://openalex.org/A5061276485,Adrià Fernandez-Torras,2,29,2.0
https://openalex.org/A5039881944,Adria Fernandez-Torras,3,3,0.0
https://openalex.org/A5067151533,Javier Ramírez Montoya,15,30,0.5
https://openalex.org/A5047026332,Javier Ramirez - Montoya,1,10,2.0
https://openalex.org/A5103568714,Javier Ramírez Montoya,3,0,0.0
https://openalex.org/A5032648188,Montoya Ramirez Javier Francisco,3,0,0.0
https://openalex.org/A5055866744,Matthew T. Roe,640,30914,8.818181818181818
https://openalex.org/A5016796967,Matthew T. McDowell,177,26918,13.0
https://openalex.org/A5077381867,Matthew H. Todd,211,5115,5.576923076923077
https://openalex.org/A5054300074,M. T. DeLand,263,4665,5.866666666666666
https://openalex.org/A5051749869,Todd M. Manini,431,19117,2.871794871794872
https://openalex.org/A5027920712,Todd M. Morgan,713,15629,4.009090909090909
https://openalex.org/A5102999576,Matthew J. Todd,27,1300,1.0
https://openalex.org/A5027923513,R. Matthew Todd,6,1261,0.0
https://openalex.org/A5046637409,Matthew Todd,19,950,0.0
https://openalex.org/A5050523990,Todd M. Thrash,68,8477,0.0
https://openalex.org/A5103479913,Matthew J. Todd,36,2768,0.0
https://openalex.org/A5111490709,Matthew T. Huss,104,1563,0.0
https://openalex.org/A5020629578,Matthew T. Marino,49,1214,1.0
https://openalex.org/A5083572203,Todd M. Gureckis,197,5420,1.7857142857142858
https://openalex.org/A5055359646,Matthew T. Spencer,15,810,0.0
https://openalex.org/A5010703911,Matthew T. Reding,16,749,0.0
https://openalex.org/A5071140673,Todd M. Bandhauer,89,2723,2.238095238095238
https://openalex.org/A5002576719,Todd M. McEvoy,23,1602,0.0
https://openalex.org/A5091079612,M. Todd Crisp,4,299,0.0
https://openalex.org/A5039290306,Todd Matthew Rackohn,4,375,0.0
https://openalex.org/A5066686513,T. Lancaster,148,2441,1.375
https://openalex.org/A5011767249,Matthew T. Zimmerman,10,229,0.0
https://openalex.org/A5065239593,Matthew Jackson,41,220,1.5714285714285714
https://openalex.org/A5034120889,Roxanne Todd,8,166,0.5
https://openalex.org/A5068733894,Todd M. Pryce,34,785,1.6666666666666667
https://openalex.org/A5056590074,Oyere T. Ebob,3,33,2.5
https://openalex.org/A5075792408,Erez Persi,40,916,6.8
https://openalex.org/A5021666689,Mulindi Mwanahamuntu,87,2126,2.4166666666666665
https://openalex.org/A5085878514,Mwanahamuntu Mulindi,1,1,0.0
https://openalex.org/A5015088787,Patrick Aloy,264,14450,7.666666666666667
https://openalex.org/A5108121600,Patrick Aloy,4,1057,2.0
https://openalex.org/A5102462834,Patrick Aloy,3,94,0.0
https://openalex.org/A5040315737,Patrick Aloy,3,0,0.0
https://openalex.org/A5095018333,Patrick Aloy,1,0,0.0
https://openalex.org/A5081714437,Patrick Aloy,2,0,0.0
https://openalex.org/A5026706406,Patrick Aloy Calaf,1,0,0.0
https://openalex.org/A5067414398,Carolyn Bolton‐Moore,177,3083,2.7333333333333334
https://openalex.org/A5021439660,Roi Blanco,114,2444,0.0
https://openalex.org/A5055652382,Roi Blanco González,4,14,0.0
https://openalex.org/A5033382554,Roi Lopez-Blanco,5,46,5.0
https://openalex.org/A5005433610,Roi Blanco,2,10,3.0
https://openalex.org/A5027765811,Roi Blanco,3,9,0.0
https://openalex.org/A5003795150,Michael J. Vinikoor,139,1540,1.9583333333333333
https://openalex.org/A5059169853,Martina Locatelli,70,1708,3.076923076923077
https://openalex.org/A5103474455,Martina Locatelli,6,178,0.0
https://openalex.org/A5016828329,Martina Locatelli,4,40,8.0
https://openalex.org/A5063492133,Eytan Ruppin,919,29339,6.752380952380952
https://openalex.org/A5025950037,Fiorella Schischlik,136,2653,3.347826086956522
https://openalex.org/A5110465849,Eytan Ruppin,87,711,2.1724137931034484
https://openalex.org/A5110918603,Eytan Ruppin,10,23,0.25
https://openalex.org/A5077123310,Ruppin Eytan,1,0,0.0
https://openalex.org/A5094347593,Ruppin Eytan,2,0,0.0
https://openalex.org/A5066873966,Ana Rodriguez‐Mateos,195,10001,4.25
https://openalex.org/A5009417128,Ana Rodrı́guez,282,9695,3.4583333333333335
https://openalex.org/A5090751842,Ana Rodríguez,199,7206,2.7777777777777777
https://openalex.org/A5014194391,Ana Rodríguez-Campello,188,5497,4.851851851851852
https://openalex.org/A5064919263,A. Rodríguez,480,7536,1.4782608695652173
https://openalex.org/A5100629884,Ana Rodrı́guez,276,7269,3.6666666666666665
https://openalex.org/A5100629880,Ana M. Rodrı́guez,531,7022,0.8653846153846154
https://openalex.org/A5025470510,Ana Cecilia Rodríguez,168,10805,5.1
https://openalex.org/A5047400604,Ana Rodríguez Bernaldo de Quirós,122,3660,6.466666666666667
https://openalex.org/A5047643277,Ana M. Rodríguez‐Piñeiro,44,3842,8.0
https://openalex.org/A5025807390,Rosana López,124,5004,10.555555555555555
https://openalex.org/A5048432018,Ana I. Rodríguez‐Pérez,90,3382,7.176470588235294
https://openalex.org/A5007867177,Ana R. Quesada,186,4492,1.736842105263158
https://openalex.org/A5070822675,Ana Rodríguez–Carmona,119,2432,1.1666666666666667
https://openalex.org/A5029714618,Ana Almodóvar,147,3341,0.8125
https://openalex.org/A5102718695,Ana Alonso Rodríguez,146,2232,0.25
https://openalex.org/A5050629346,Ana M. Rodríguez,79,2115,12.0
https://openalex.org/A5010156712,Ana Rodriguez‐Larrad,79,1250,4.521739130434782
https://openalex.org/A5012147613,Ana Rodríguez‐Villa Lario,72,1457,0.6086956521739131
https://openalex.org/A5101571705,Ana Cecilia Rodríguez,53,4678,0.0
https://openalex.org/A5069024560,Ana Rodríguez‐Álvarez,85,1205,7.363636363636363
https://openalex.org/A5103437971,Ana Rodríguez-Rodríguez,31,1360,0.0
https://openalex.org/A5080776892,Ana Chiva Rodriguez,3,3545,0.0
https://openalex.org/A5019534813,Alejandro Rodríguez,389,10280,6.87719298245614
https://openalex.org/A5037918415,Ana R. Rodrı́guez,96,1755,7.5
https://openalex.org/A5050181482,Gemma Moncunill,142,3579,6.275862068965517
https://openalex.org/A5035615544,Gemma Moncunill,1,0,0.0
https://openalex.org/A5022207853,Gemma Moncunill Piñas,2,0,0.0
https://openalex.org/A5006820084,Moncunill Gemma,2,0,0.0
https://openalex.org/A5058306628,Ron Realubit,7,70,4.25
https://openalex.org/A5082346230,Robert J. Gillies,920,70797,9.176470588235293
https://openalex.org/A5058015504,J Gillies Robert,6,12,0.0
https://openalex.org/A5112835595,Robert Gillies,7,1,0.0
https://openalex.org/A5059783352,Gillies Robert J.,1,0,0.0
https://openalex.org/A5018772575,Gustavo A. Quintero,79,454,0.36363636363636365
https://openalex.org/A5102823449,Gustavo Quintero,15,220,1.0
https://openalex.org/A5113808757,Gustavo E. Díaz,13,912,0.0
https://openalex.org/A5101054125,Agamenón Quintero,17,121,0.0
https://openalex.org/A5090697696,Gustavo Ernesto Quintero-Díaz,20,26,0.0
https://openalex.org/A5028517452,Gustavo Moreno,11,120,2.375
https://openalex.org/A5029235195,Gustavo Forero Quintero,31,22,0.0
https://openalex.org/A5077518075,Gustavo Quintero Navas,22,4,0.0
https://openalex.org/A5094218576,Gustavo Quintero-Marquina,1,3,0.0
https://openalex.org/A5077440281,Gustavo Andrés Guzmán Quintero,3,10,0.0
https://openalex.org/A5075614441,Gustavo Adolfo Castillo Quintero,8,12,0.0
https://openalex.org/A5107277900,G. P.,6,50,0.0
https://openalex.org/A5084909221,Gustavo Quintero Díaz,1,2,0.0
https://openalex.org/A5109290426,Gustavo Quintero B.,1,2,0.0
https://openalex.org/A5047303791,Gustavo Gaitan-Quintero,7,6,0.0
https://openalex.org/A5001931215,Gustavo Felipe Pérez Quintero,9,7,0.0
https://openalex.org/A5051571461,Gustavo Gaitán-Quintero,1,6,3.0
https://openalex.org/A5098042163,Gustavo Quintero‐Orozco,1,1,0.0
https://openalex.org/A5086688229,Gustavo Quintero Vera,5,1,0.0
https://openalex.org/A5075007493,Gustavo Giraldo Quintero,7,4,0.0
https://openalex.org/A5110871413,Gustavo Andrés Alzate Quintero,3,2,0.0
https://openalex.org/A5054705266,Gustavo Adolfo Quintero Hernandez,2,2,0.0
https://openalex.org/A5092173050,Gustavo Ricardo Quintero-Cuero,1,2,0.0
https://openalex.org/A5027302297,Gustavo Moreno Quintero,1,1,0.0
https://openalex.org/A5031458651,G. Quintero,7,2,0.0
https://openalex.org/A5072217783,Alberto Pessia,52,2403,11.416666666666666
https://openalex.org/A5048023731,Juan Rivera‐Correa,25,716,6.0
https://openalex.org/A5003799016,Francesca Lessi,104,1051,1.7894736842105263
https://openalex.org/A5050517680,Jane Matambo,10,58,4.333333333333333
https://openalex.org/A5008853017,Sharon Kapambwe,60,1360,10.384615384615385
https://openalex.org/A5009342486,Sharon Kapambwe,8,16,1.6666666666666667
https://openalex.org/A5084617577,Ziaurrehman Tanoli,56,1512,10.157894736842104
https://openalex.org/A5035671254,Pierluigi Di Chiaro,12,49,0.75
https://openalex.org/A5100322864,Li Wang,49972,703045,4.583830104321907
https://openalex.org/A5101742243,Shouxin Zhang,55632,806154,4.924979887369268
https://openalex.org/A5100444820,Wei Wang,31392,863694,5.268698659749243
https://openalex.org/A5100394072,Lei Zhu,44625,657089,4.201735666524399
https://openalex.org/A5100378741,Jing Wang,45922,591636,4.422169219181521
https://openalex.org/A5100371335,Sheng Wang,47883,569079,3.5023441966838194
https://openalex.org/A5100392071,Wei Ma,18011,270761,4.817929117442668
https://openalex.org/A5101814743,Yong‐Min Liang,14477,242869,4.690876882196634
https://openalex.org/A5102019018,Xin Qiu,96,4109,2.4285714285714284
https://openalex.org/A5058433699,Li‐Xin Qiu,136,3266,2.3846153846153846
https://openalex.org/A5101877851,Xin Qiu,69,2502,10.058823529411764
https://openalex.org/A5084235090,Xinming Qiu,150,3710,1.8888888888888888
https://openalex.org/A5010766190,Jian Qiu,78,4179,4.25
https://openalex.org/A5059197874,Xinping Qiu,216,13356,10.166666666666666
https://openalex.org/A5011391260,Xin‐Qiu Yao,67,1886,5.7
https://openalex.org/A5101897192,Jianxin Qiu,107,2314,2.125
https://openalex.org/A5001543450,Xin Qiu,150,1050,2.8421052631578947
https://openalex.org/A5088159850,Zhixin Qiu,151,2387,11.571428571428571
https://openalex.org/A5103507661,Xin Qiu,35,1056,0.0
https://openalex.org/A5030076543,Zaozao Qiu,358,2394,2.193548387096774
https://openalex.org/A5018341423,Jingxin Qiu,125,2201,3.0
https://openalex.org/A5112129251,Pengxin Qiu,82,1732,4.0
https://openalex.org/A5044406679,Xin Qiu,91,646,2.5625
https://openalex.org/A5102002270,Zhixin Qiu,56,965,6.666666666666667
https://openalex.org/A5110968977,Xianxin Qiu,52,797,1.7647058823529411
https://openalex.org/A5061638239,Kelly Chibale,258,5471,3.8666666666666667
https://openalex.org/A5040396237,Kelly Chibale,173,3705,8.444444444444445
https://openalex.org/A5101820062,Kelly Chibale,77,1933,3.0
https://openalex.org/A5101166604,Kelly Chibale,2,0,0.0
https://openalex.org/A5107491671,special to C EN Kelly Chibale,1,0,0.0
https://openalex.org/A5015062918,Fidele Ntie‐Kang,175,3346,1.3863636363636365
https://openalex.org/A5103567236,Ntie-Kang Fidele,1,9,0.0
https://openalex.org/A5102411211,Ntie-Kang Fidele,1,0,0.0
https://openalex.org/A5021169552,Albert Gris‐Oliver,81,1014,7.285714285714286
https://openalex.org/A5038666783,Albert Gris Oliver,2,2,0.5
https://openalex.org/A5113805984,Albert Gris- Oliver,1,0,0.0
https://openalex.org/A5028126983,Martino Bertoni,33,16159,11.2
https://openalex.org/A5103321418,Martino Bertoni,1,2,0.0
https://openalex.org/A5023593622,Augusto Nhabomba,56,1319,0.75
https://openalex.org/A5072916808,J Nhabomba Augusto,1,0,0.0
https://openalex.org/A5017969980,Mohieddin Jafari,104,2136,3.5714285714285716
https://openalex.org/A5029872090,Jafari Mohieddin,1,0,0.0
https://openalex.org/A5045740427,Raquel Valls,17,192,1.2
https://openalex.org/A5110528622,Raquel Valls,2,35,0.0
https://openalex.org/A5051774455,Raquel Valls Añó,1,1,0.0
https://openalex.org/A5022840622,Raquel Bernal Valls,5,2,0.0
https://openalex.org/A5033101247,Raquel Oliver Valls,1,2,0.0
https://openalex.org/A5009523273,Raquel Valls Urío,1,0,0.0
https://openalex.org/A5078436155,Raquel Valls Artigas,1,0,0.0
https://openalex.org/A5084155715,Raquel López Valls,1,0,0.0
https://openalex.org/A5001247817,Dina Ricardo-Caldera,17,51,1.0
https://openalex.org/A5076181708,Francesco Raimondi,236,5737,4.84
https://openalex.org/A5069978192,Francesco Raimondi,235,5419,14.852941176470589
https://openalex.org/A5101877273,Francesco Raimondi,6,18,0.0
https://openalex.org/A5107875483,Francesco Raimondi,7,18,0.0
https://openalex.org/A5079557294,Francesco Paolo Raimondi,12,2,0.0
https://openalex.org/A5101096598,Francesco Raimondi,1,0,0.0
https://openalex.org/A5046413608,P Raimondi Francesco,1,0,0.0
https://openalex.org/A5015276222,Mathew Njoroge,62,1100,3.0
https://openalex.org/A5069745437,Joseph J. Campo,101,2210,2.8125
https://openalex.org/A5031584959,J Campo Joseph,2,0,0.0
https://openalex.org/A5068050443,J Campo Joseph,1,0,0.0
https://openalex.org/A5023317571,Takaomi C. Saido,752,44146,4.990909090909091
https://openalex.org/A5032004670,C Saido Takaomi,1,0,0.0
https://openalex.org/A5025238669,Meritxell Bellet,196,4641,6.67741935483871
https://openalex.org/A5069431917,Meritxell Bellet Ezquerra,35,89,2.75
https://openalex.org/A5110736448,M. Bellet-Ezquerra,10,213,20.0
https://openalex.org/A5104273141,Meritxell Bellet,3,1,0.0
https://openalex.org/A5031273678,Modesto Orozco-Ruiz,7,65,12.0
https://openalex.org/A5006092416,Lourdes Osaba,38,678,3.0
https://openalex.org/A5027994743,M. Lourdes Osaba Ortiz de Mendibil,1,1,0.0
https://openalex.org/A5076156279,Marina Gay,66,1185,2.1538461538461537
https://openalex.org/A5113091257,M. Gay,15,542,0.0
https://openalex.org/A5093482396,Marina Gay Ylla,1,0,0.0
https://openalex.org/A5055813641,Marina Gay-Ylla,1,0,0.0
https://openalex.org/A5019467473,Robert J. Allaway,60,537,3.25
https://openalex.org/A5013423377,Roberto Mosca,34,3855,0.0
https://openalex.org/A5078520189,R. Mosca,140,3074,3.3333333333333335
https://openalex.org/A5089219277,Roberto Mosca,113,637,1.0
https://openalex.org/A5001297015,Roberto Mosca,7,27,1.5
https://openalex.org/A5012235370,Roberto Mosca,3,11,0.0
https://openalex.org/A5021392320,Paulo Roberto Ferrari Mosca,15,23,0.0
https://openalex.org/A5087165004,Roberto Mosca,22,2,0.0
https://openalex.org/A5102499390,Roberto Mosca,10,1,0.0
https://openalex.org/A5027917907,Roberto Mosca,2,0,0.0
https://openalex.org/A5103315255,Roberto Mosca,1,0,0.0
https://openalex.org/A5101282955,Roberto Mosca Júnior,3,0,0.0
https://openalex.org/A5034685679,Izukanji Sikazwe,133,2184,7.413793103448276
https://openalex.org/A5110768689,Sikazwe Izukanji,1,0,0.0
https://openalex.org/A5038599370,Johann Gasteiger,410,22648,3.3333333333333335
https://openalex.org/A5095796969,Prof. Dr. Johann Gasteiger,13,5,0.0
https://openalex.org/A5106846166,Johann Gasteiger,1,0,0.0
https://openalex.org/A5049965061,Gabriele Cruciani,342,12704,5.305555555555555
https://openalex.org/A5005449391,Gabriele Cruciani,107,935,1.4444444444444444
https://openalex.org/A5103896880,Gabriele Cruciani,2,0,0.0
https://openalex.org/A5100066451,Prof. Dr. Gabriele Cruciani,2,0,0.0
https://openalex.org/A5110512956,Cruciani Gabriele,2,0,0.0
https://openalex.org/A5047469454,John L. Cleveland,526,29763,4.3125
https://openalex.org/A5062599642,L. John CLEVELAND,1,195,0.0
https://openalex.org/A5087989677,L Cleveland John,1,0,0.0
https://openalex.org/A5027296070,Cleveland John L.,2,0,0.0
https://openalex.org/A5075547543,Natalia De Oliveira Rosa,6,12,4.0
https://openalex.org/A5017670151,Natalia Rosa de Oliveira,1,0,0.0
https://openalex.org/A5107733159,Natalia de Oliveira Santa Rosa,1,0,0.0
https://openalex.org/A5109793914,NATALIA DE OLIVEIRA SANTA ROSA,1,0,0.0
https://openalex.org/A5019592187,Natalia Dos Santos Rosa de Oliveira,1,0,0.0
https://openalex.org/A5014073486,natalia dos santos rosa de oliveira,1,0,0.0
https://openalex.org/A5113872162,Vanessa Asoh Shu,7,8,0.0
https://openalex.org/A5053891660,Aaloke Mody,70,1296,5.3076923076923075
https://openalex.org/A5051824478,Maxmillian Mpina,61,2247,6.0
https://openalex.org/A5052925344,Paula A. Avilés-Vergara,9,24,1.0
https://openalex.org/A5014648941,Paula Valenzuela-Avilés,2,8,2.0
https://openalex.org/A5019364689,Paula Avilés-Franco,1,0,0.0
https://openalex.org/A5043406501,Carlos Eduardo Paula Avilés,1,0,0.0
https://openalex.org/A5072084369,Paula Aviles,1,0,0.0
https://openalex.org/A5012764589,Ana Paula González Avilés,2,0,0.0
https://openalex.org/A5045681846,William Roush,1510,23643,2.7777777777777777
https://openalex.org/A5006840573,Roush William R.,2,0,0.0
https://openalex.org/A5009168098,William Roush,6,0,0.0
https://openalex.org/A5015793595,Isabelle Brun‐Heath,73,3129,8.636363636363637
https://openalex.org/A5054054463,Isabelle Heath-Brun,1,10,0.0
https://openalex.org/A5050313247,Gemma Turón,24,509,13.6
https://openalex.org/A5093900020,Gemma Turon,1,0,0.0
https://openalex.org/A5048441142,Gemma Turón Rodrigo,1,0,0.0
https://openalex.org/A5108964642,Dhanshree Arora,1,1,0.0
https://openalex.org/A5086421148,José L. Medina‐Franco,489,11582,3.9404761904761907
https://openalex.org/A5061648660,L Medina-Franco Jose,2,0,0.0
https://openalex.org/A5060499961,Oscar Méndez‐Lucio,63,1806,6.777777777777778
https://openalex.org/A5095031834,Oscar Mendez Lucio,1,0,0.0
https://openalex.org/A5095038147,Oscar Mendez Lucio,3,0,0.0
https://openalex.org/A5024721415,Marta Palafox,167,1484,13.142857142857142
https://openalex.org/A5022871487,Marta Palafox Sancez,1,4,3.0
https://openalex.org/A5011376474,Marta Palafox Sánchez,2,0,0.0
https://openalex.org/A5075041501,Michael E. Herce,85,1016,1.5
https://openalex.org/A5052116809,Jordi Mestres,205,7215,4.333333333333333
https://openalex.org/A5071275195,Jordi Serra‐Mestres,48,1886,2.0
https://openalex.org/A5091065971,Jordi Mestres,4,234,55.0
https://openalex.org/A5034758695,Jordi Bosch Mestres,10,91,0.0
https://openalex.org/A5071526608,Jordi Bosch-Mestres,10,67,0.0
https://openalex.org/A5047355559,Jordi Janer Mestres,2,22,0.0
https://openalex.org/A5049705739,Jordi Mestres i López,3,2,0.0
https://openalex.org/A5089985756,Jordi Ficapal i Mestres,5,1,0.0
https://openalex.org/A5058155768,Jordi Rebull I Mestres,1,1,0.0
https://openalex.org/A5009078917,Jordi Mestres Qué,1,0,0.0
https://openalex.org/A5025962152,Jordi Mestres Esteve,1,0,0.0
https://openalex.org/A5006233155,Jordi Mestres López,4,0,0.0
https://openalex.org/A5059338016,Jordi Mestres de la Meana,6,0,0.0
https://openalex.org/A5085083684,Mestres Jordi,2,0,0.0
https://openalex.org/A5088201181,Jordi Rebull Mestres,2,0,0.0
https://openalex.org/A5041151335,Serra- Mestres Jordi,1,0,0.0
https://openalex.org/A5078951212,Jordi Serra Mestres,4,0,0.0
https://openalex.org/A5050681627,Eugene F. Douglass,108,1336,3.75
https://openalex.org/A5103025096,Eugene Douglass,3,96,0.0
https://openalex.org/A5081760530,Antonio Berenguer,246,12178,7.666666666666667
https://openalex.org/A5028810747,Mehdi Damaghi,84,2673,5.7
https://openalex.org/A5033520884,Mehdi Damaghi,4,0,0.0
https://openalex.org/A5036334443,Miquel Duran‐Frigola,89,3019,5.473684210526316
https://openalex.org/A5100621589,A. Sharma,547,15430,3.264705882352941
https://openalex.org/A5056403325,Anjali Sharma,245,3558,2.24
https://openalex.org/A5011648196,Anjali Sharma,157,2302,1.65
https://openalex.org/A5020782570,Anjali Sharma,61,1514,4.222222222222222
https://openalex.org/A5075016787,Anjali Sharma,59,1089,3.875
https://openalex.org/A5101912114,Anjali Sharma,120,1038,0.16666666666666666
https://openalex.org/A5101784131,Anjali Sharma,87,857,2.4444444444444446
https://openalex.org/A5101539809,Anjali Sharma,33,470,8.0
https://openalex.org/A5100726432,Anjali Sharma,39,402,8.333333333333334
https://openalex.org/A5101549681,Anjali Sharma,24,271,5.625
https://openalex.org/A5062163730,Anjali Sharma,32,252,6.25
https://openalex.org/A5085281149,Anjali Sharma,39,231,0.7777777777777778
https://openalex.org/A5100621595,Anjali Sharma,37,212,2.2
https://openalex.org/A5101549680,Anjali Sharma,29,212,8.25
https://openalex.org/A5101398589,Anjali Sharma,9,178,0.0
https://openalex.org/A5000277387,Anjali Sharma,26,174,3.75
https://openalex.org/A5102130051,Anjali Sharma,2,132,0.0
https://openalex.org/A5101912112,Anjali Sharma,42,109,0.52
https://openalex.org/A5054903536,Anjali Kaushik,31,219,0.14285714285714285
https://openalex.org/A5103579100,Anjali Sharma,6,99,0.0
https://openalex.org/A5067280229,Anjali Sharma,21,92,1.0
https://openalex.org/A5101549682,Anjali Sharma,15,92,4.0
https://openalex.org/A5101960384,Anjali Sharma,19,93,5.666666666666667
https://openalex.org/A5037257509,Anjali Sharma,102,77,0.0
https://openalex.org/A5101960382,Anjali Sharma,34,80,1.0
https://openalex.org/A5084722846,Bence Szalai,58,1780,12.466666666666667
https://openalex.org/A5032529408,Bence Z. Szalai,1,0,0.0
https://openalex.org/A5085139761,Camille Stephan‐Otto Attolini,127,7066,12.444444444444445
https://openalex.org/A5000663125,Fabian Offensperger,17,271,0.0
https://openalex.org/A5046600717,David Amat,6,125,0.0
https://openalex.org/A5086527318,David Amat Olóndriz,3,5,0.5
https://openalex.org/A5060002435,Amat David Zuluaga Guerra,5,8,0.0
https://openalex.org/A5049649047,David Amat Pinilla,3,1,0.0
https://openalex.org/A5020245113,David Amat Iborra,1,0,0.0
https://openalex.org/A5050557388,David Amat Sanz,1,0,0.0
https://openalex.org/A5026066606,Amat David Zuluaga,1,0,0.0
https://openalex.org/A5062371606,Albert Manasyan,53,1460,3.2
https://openalex.org/A5068276513,Héctor Sanz,50,2348,0.5714285714285714
https://openalex.org/A5101865796,Héctor Sanz,9,438,3.0
https://openalex.org/A5066822996,Hèctor Sanz‐Lamora,5,123,1.0
https://openalex.org/A5075612662,Héctor Sanz-Fraile,32,136,2.3
https://openalex.org/A5001554779,Héctor Rodríguez-Sanz,12,271,0.0
https://openalex.org/A5050254856,Héctor Bolívar,11,1193,2.0
https://openalex.org/A5088469663,Ricardo M Héctor Sanz,2,29,3.0
https://openalex.org/A5007630712,Héctor Sanz Castaño,11,10,0.0
https://openalex.org/A5035949556,Héctor Sanz‐Cabañes,3,9,0.0
https://openalex.org/A5000289228,Héctor González Sanz,2,3,0.0
https://openalex.org/A5091197905,Héctor Izquierdo-Sanz,4,1,0.0
https://openalex.org/A5078893195,Héctor Sanz Herranz,3,0,0.0
https://openalex.org/A5087448112,Héctor Sanz Ródenas,1,0,0.0
https://openalex.org/A5031101710,Héctor Sanz Cabañes,3,0,0.0
https://openalex.org/A5070504911,Hector Martínez Sanz,1,0,0.0
https://openalex.org/A5089900955,Héctor García Sanz,1,0,0.0
https://openalex.org/A5082563529,Héctor Martínez Sanz,4,0,0.0
https://openalex.org/A5012176173,Héctor Rodríguez Sanz,1,0,0.0
https://openalex.org/A5026175153,Ashleigh van Heerden,9,94,6.333333333333333
https://openalex.org/A5014993787,Víctor M. Díaz,46,2035,13.666666666666666
https://openalex.org/A5062695105,Víctor M. Díaz Pérez,21,321,0.0
https://openalex.org/A5058118848,Víctor Díaz,94,945,0.16666666666666666
https://openalex.org/A5086015309,V. M. Varela-Díaz,50,816,0.0
https://openalex.org/A5042688000,Víctor M. Ambriz-Díaz,18,406,9.5
https://openalex.org/A5108601803,Víctor Pérez‐Díaz,45,483,0.0
https://openalex.org/A5113495712,Víctor Miguel Pérez Díaz,177,531,0.0
https://openalex.org/A5020423603,M. Victoria Martínez‐Díaz,143,5178,2.8125
https://openalex.org/A5028168785,Víctor Díaz-García,16,190,2.3333333333333335
https://openalex.org/A5038629178,Víctor Manuel Díaz-Sánchez,18,21,0.2
https://openalex.org/A5097590993,Víctor M Díaz-Cortez,1,12,0.0
https://openalex.org/A5110048685,V Morales León,10,15,0.0
https://openalex.org/A5102342460,Victor M. Díaz-Lorente,1,2,0.0
https://openalex.org/A5073166241,Víctor M Varela Díaz,1,11,0.0
https://openalex.org/A5082934289,Víctor M. Boffill Díaz,3,8,0.0
https://openalex.org/A5057982209,Víctor M. Díaz C.,2,1,0.0
https://openalex.org/A5103423459,Víctor M. Pérez Díaz,1,5,0.0
https://openalex.org/A5014668141,Víctor Manuel Díaz Núñez de Arenas,6,6,2.0
https://openalex.org/A5035692891,Víctor M. Preciado-Díaz,1,3,0.0
https://openalex.org/A5080803344,V. M. Díaz Muñoz de la Espada,13,51,0.0
https://openalex.org/A5008322327,Víctor M. Díaz Padín,2,0,0.0
https://openalex.org/A5085610551,Victor M. Diaz Muñoz,1,0,0.0
https://openalex.org/A5104937156,Víctor M. Díaz de Anda,1,0,0.0
https://openalex.org/A5018967706,M Ambriz Diaz Victor,1,0,0.0
https://openalex.org/A5089471060,Víctor M. Fernández Díaz,11,0,0.0
https://openalex.org/A5077169627,Joaquı́n Arribas,743,13375,5.7105263157894735
https://openalex.org/A5087807656,Joaquín Arribas,3,2,0.0
https://openalex.org/A5018861067,Joaquín Cubillo Arribas,1,39,0.0
https://openalex.org/A5072389917,Joaquín Eugenio Arribas López,9,2,0.0
https://openalex.org/A5013977166,Joaquin Arribas,2,0,0.0
https://openalex.org/A5073638717,Joaquin Alejandro Duro-Arribas,1,0,0.0
https://openalex.org/A5057162047,Kennedy Lishimpi,42,1479,4.0
https://openalex.org/A5113013333,Lishimpi Kennedy,2,2,0.0
https://openalex.org/A5103162463,Mariangela Morelli,56,1392,2.6666666666666665
https://openalex.org/A5110965347,Mariangela Morelli,1,0,0.0
https://openalex.org/A5084189620,Ana L. Chávez‐Hernández,45,199,1.2692307692307692
https://openalex.org/A5060682029,Aurore Bouyoukou Hounkpatin,12,612,6.0
https://openalex.org/A5060755975,Aurore Larissa Bouyoukou Hounkpatin,1,22,0.0
https://openalex.org/A5048094057,Siméon Akame,4,8,0.0
https://openalex.org/A5080716335,Eduardo Pauls,50,1292,7.5
https://openalex.org/A5079250057,Eduardo Pauls García,1,0,0.0
https://openalex.org/A5061109617,María Camila Velasco-Pareja,3,25,0.0
https://openalex.org/A5054903048,María Camila Velasco,4,18,1.5
https://openalex.org/A5018431515,María Camila Ramírez-Velasco,1,9,0.0
https://openalex.org/A5067012343,María Camila Velasco P,2,0,0.0
https://openalex.org/A5007367587,Maria Camila Velasco Casañas,2,0,0.0
https://openalex.org/A5079332182,Maria Camila Velasco González,1,0,0.0
https://openalex.org/A5072316374,María Velasco,3,0,0.0
https://openalex.org/A5039493997,Maria Camila Lozada Velasco,1,0,0.0
https://openalex.org/A5015676822,Teresa Juan-Blanco,9,194,2.0
https://openalex.org/A5051097989,María Teresa Juan Blanco,1,0,0.0
https://openalex.org/A5003209063,Charles Karan,177,1915,3.588235294117647
https://openalex.org/A5109134559,Charles Karan,1,62,0.0
https://openalex.org/A5037682638,Babu Karan Charles,1,2,0.0
https://openalex.org/A5098424293,Jay Karan and Charles E. Baukal,1,0,0.0
https://openalex.org/A5100228765,Jay Karan and Charles E. Baukal,1,0,0.0
https://openalex.org/A5061708448,Belinda Chihota,17,123,2.75
https://openalex.org/A5057619326,Takashi Saito,564,38619,2.3333333333333335
https://openalex.org/A5013301564,Takashi Saito,513,13323,5.161616161616162
https://openalex.org/A5100655617,Takashi Saito,955,8763,1.4186046511627908
https://openalex.org/A5052048833,Takashi Saito,368,3921,2.206896551724138
https://openalex.org/A5100655619,Takashi Saito,272,1928,1.6923076923076923
https://openalex.org/A5016708193,Takashi Saitō,386,1835,1.0
https://openalex.org/A5107444697,Takashi Saito,67,1236,0.0
https://openalex.org/A5100655614,Takashi Saito,123,1235,1.2222222222222223
https://openalex.org/A5100655615,Takashi Saito,139,1223,1.5
https://openalex.org/A5100655621,Takashi Saito,141,616,0.7647058823529411
https://openalex.org/A5101754253,Takashi Saito,29,403,0.0
https://openalex.org/A5066799220,Takashi Wakamatsu,215,785,1.1666666666666667
https://openalex.org/A5064506546,Samuel Takashi Saito,18,368,0.0
https://openalex.org/A5103463567,Takashi Saito,26,293,0.0
https://openalex.org/A5084049416,Takashi Saito,14,188,14.0
https://openalex.org/A5103758037,Takashi Saito,25,117,0.0
https://openalex.org/A5103623724,Takashi Saito,10,74,0.0
https://openalex.org/A5105835514,Takashi Saito,3,60,0.0
https://openalex.org/A5103017165,Takashi Saito,25,51,0.0
https://openalex.org/A5111011520,Takashi Saito,4,19,0.0
https://openalex.org/A5112103221,Takashi Saito,3,6,0.0
https://openalex.org/A5060524358,Takashi SAITO,2,2,0.0
https://openalex.org/A5081658464,Takashi Saito,3,1,0.0
https://openalex.org/A5110323137,Takashi Saito,6,1,0.0
https://openalex.org/A5015151827,Takashi Saito,2,1,0.0
https://openalex.org/A5003706895,Adrià Fernández‐Torras,19,205,7.833333333333333
https://openalex.org/A5061276485,Adrià Fernandez-Torras,2,29,2.0
https://openalex.org/A5039881944,Adria Fernandez-Torras,3,3,0.0
https://openalex.org/A5070510752,Núria Villegas,24,339,11.8
https://openalex.org/A5007736654,Núria Villegas Forn,1,2,0.0
https://openalex.org/A5047148386,Nuria Villegas,2,3,0.0
https://openalex.org/A5019925674,Nuria Villegas Burgos,1,1,0.0
https://openalex.org/A5089655262,Nuria Villegas Muñoz,1,0,0.0
https://openalex.org/A5087135746,Carles Pons,109,4980,5.090909090909091
https://openalex.org/A5022404104,Joan Carles Pons,22,334,8.0
https://openalex.org/A5103423622,Joan Mayol,18,119,0.0
https://openalex.org/A5011136167,Carles Pons de Beristain,2,22,0.0
https://openalex.org/A5042882137,Carles Martínez-Pons,1,13,0.0
https://openalex.org/A5089575801,Carles Pons Vilardell,1,3,0.0
https://openalex.org/A5047623385,Carles Pons Jimenez,1,0,0.0
https://openalex.org/A5059919508,Carles Pons Forés,1,0,0.0
https://openalex.org/A5084768732,Carles Pons Pérez,2,0,0.0
https://openalex.org/A5026543198,Carles Pons Garulo,2,0,0.0
https://openalex.org/A5001349639,Carles Llobet Pons,1,0,0.0
https://openalex.org/A5032062366,Carles Sans Pons,1,0,0.0
https://openalex.org/A5060895235,Gary T.C. Ko,91,2256,0.5
https://openalex.org/A5114444434,Gary Ko,63,2124,1.4285714285714286
https://openalex.org/A5018387121,Gary Tin,20,491,4.5
https://openalex.org/A5109091086,Gary Tin-Choi Ko,6,392,0.0
https://openalex.org/A5086500561,Gary Tin-ho Lee,3,41,0.0
https://openalex.org/A5027372607,Tin-choi Gary KO,2,32,0.0
https://openalex.org/A5062505611,Gary tin-ho Lee,1,6,0.0
https://openalex.org/A5106100121,Gary Tin-Choi Ko,1,0,0.0
https://openalex.org/A5111211609,Gary Tin-Choi Ko,1,0,0.0
https://openalex.org/A5025492532,Shuyu Zheng,58,1382,7.75
https://openalex.org/A5011403897,Shuyu Zheng,11,99,1.25
https://openalex.org/A5028967754,Shuyu Zheng,7,92,4.5
https://openalex.org/A5102777064,Shuyu Zheng,18,33,1.0
https://openalex.org/A5102140369,Shuyu Zheng,1,21,0.0
https://openalex.org/A5007274846,Shuyu Zheng,17,21,1.3333333333333333
https://openalex.org/A5102865973,Shuyu Zheng,5,19,0.0
https://openalex.org/A5043053259,Shuyu Zheng,2,9,0.0
https://openalex.org/A5001980170,Shuyu Zheng,5,8,2.0
https://openalex.org/A5024302383,Shuyu Zheng,3,2,0.5
https://openalex.org/A5108992981,Shuyu Zheng,2,0,0.0
https://openalex.org/A5012929156,Chakit Arora,27,521,3.5714285714285716
https://openalex.org/A5076614105,Mwila Mulubwa,29,138,0.7142857142857143
https://openalex.org/A5060039893,Nelishia Pillay,182,1761,2.3846153846153846
https://openalex.org/A5084708390,Jack Mubita,1,24,12.0
https://openalex.org/A5017292656,Arnau Comajuncosa-Creus,5,49,15.0
https://openalex.org/A5103321419,Arnau Comajuncosa-Creus,1,2,0.0
https://openalex.org/A5056779604,Miriam Cantero,10,24,1.0
https://openalex.org/A5083482369,Oriol Guitart-Pla,16,307,13.333333333333334
https://openalex.org/A5063900043,David Rossell,90,5762,1.6
https://openalex.org/A5097182169,David Rossell,1,96,0.0
https://openalex.org/A5113968096,David Rossell,3,0,0.0
https://openalex.org/A5056955827,David Rossell,1,0,0.0
https://openalex.org/A5003144900,Rossell David,2,0,0.0
https://openalex.org/A5081603649,Quique Bassat,626,37724,9.097014925373134
https://openalex.org/A5018828839,Quique Bassat Orellana,6,1,0.0
https://openalex.org/A5107913452,Bassat Quique,1,0,0.0
https://openalex.org/A5056140044,Helene Smith,26,195,1.0
https://openalex.org/A5039926688,Jürgen Bajorath,1054,32986,3.8072289156626504
https://openalex.org/A5104482631,Jürgen Bajorath,1,0,0.0
https://openalex.org/A5068572723,Kennedy Malama,23,735,10.9
https://openalex.org/A5073423716,Violeta Serra,785,18099,7.833333333333333
https://openalex.org/A5004869884,Violeta Serra,3,5,0.0
https://openalex.org/A5021924463,Violeta Serra Elizalde,2,1,0.0
https://openalex.org/A5056779458,Serra Violeta,1,0,0.0
https://openalex.org/A5114582359,Violeta Marinas Serra,1,0,0.0
https://openalex.org/A5002659517,Monika Roy,39,1125,0.8
https://openalex.org/A5062886609,Monika A. Roy,20,315,2.6
https://openalex.org/A5073396897,Monika Schwarz,8,63,0.0
https://openalex.org/A5065200300,Monika Roy,1,0,0.0
https://openalex.org/A5087357575,MONIKA ROY,1,0,0.0
https://openalex.org/A5003307021,Monika Roy,2,0,0.0
https://openalex.org/A5008992655,A Roy Monika,1,0,0.0
https://openalex.org/A5100322864,Li Wang,49972,703045,4.583830104321907
https://openalex.org/A5100378741,Jing Wang,45922,591636,4.422169219181521
https://openalex.org/A5100338150,Wenyu Wang,200,6298,15.75
https://openalex.org/A5100338151,Wenyu Wang,118,3454,10.157894736842104
https://openalex.org/A5100338155,Wenyu Wang,88,2836,7.470588235294118
https://openalex.org/A5100338161,Wenyu Wang,73,2247,11.285714285714286
https://openalex.org/A5100665053,Wenyu Liu,908,31003,9.67123287671233
https://openalex.org/A5100338157,Wenyu Wang,176,1592,5.441860465116279
https://openalex.org/A5108047245,Wenyu Wang,72,1524,4.5
https://openalex.org/A5100338152,Wenyu Wang,67,1012,2.142857142857143
https://openalex.org/A5088783919,John Wenyu Wang,17,952,0.0
https://openalex.org/A5100338163,Wenyu Wang,45,732,2.142857142857143
https://openalex.org/A5100338158,Wenyu Wang,30,712,4.0
https://openalex.org/A5100338160,Wenyu Wang,42,693,3.375
https://openalex.org/A5100338153,Wenyu Wang,41,624,1.7
https://openalex.org/A5100338154,Wenyu Wang,23,563,2.2
https://openalex.org/A5100338164,Wenyu Wang,60,582,2.2
https://openalex.org/A5100338159,Wenyu Wang,61,476,1.75
https://openalex.org/A5100338149,Wenyu Wang,54,455,2.3333333333333335
https://openalex.org/A5100338156,Wenyu Wang,14,420,2.5
https://openalex.org/A5078374199,W. Wang,127,732,3.272727272727273
https://openalex.org/A5100338165,Wenyu Wang,17,74,0.0
https://openalex.org/A5042423453,Wenyu Wang,1,63,0.0
https://openalex.org/A5106036771,Wang Wenyu,14,159,0.0
https://openalex.org/A5007415570,W. Wang,9,123,0.0
https://openalex.org/A5045987398,Vı́ctor M. Fernández,187,8667,0.3333333333333333
https://openalex.org/A5051334937,Víctor M. Martínez‐Taboada,85,4737,2.5
https://openalex.org/A5053280345,Victor Martínez-Vicente,89,3931,3.3333333333333335
https://openalex.org/A5045935967,Víctor Martinez‐Glez,110,2486,2.176470588235294
https://openalex.org/A5056715317,Victor D. Martínez,130,2887,4.5
https://openalex.org/A5028845829,Victor M. Vidal‐Martínez,163,2512,2.230769230769231
https://openalex.org/A5110254005,Víctor Martínez‐Merino,86,1736,8.0
https://openalex.org/A5025967818,Vı́ctor M. Eguı́luz,229,13806,14.0
https://openalex.org/A5101735249,Víctor Martínez,32,1097,0.0
https://openalex.org/A5015844470,Victor Martínez‐de‐Albéniz,72,1838,2.142857142857143
https://openalex.org/A5058427417,Víctor Valderrábano,460,12400,2.896551724137931
https://openalex.org/A5101642392,Víctor Martínez,15,911,0.5
https://openalex.org/A5064359130,Víctor Jiménez,137,1804,3.2
https://openalex.org/A5087985317,Víctor Manuel Martínez Juárez,66,871,1.6
https://openalex.org/A5113222010,Víctor Martínez,31,742,0.0
https://openalex.org/A5107855972,Víctor Martínez‐Taboada,23,790,1.0
https://openalex.org/A5066309967,Víctor Manuel Longa Martínez,165,807,0.21428571428571427
https://openalex.org/A5036976932,Víctor Martínez-Moll,71,615,0.0
https://openalex.org/A5000230670,Víctor Villena-Martínez,15,2306,0.0
https://openalex.org/A5045466674,J. Víctor García,239,11213,26.571428571428573
https://openalex.org/A5071531296,Víctor Martínez-Artola,21,845,0.0
https://openalex.org/A5004594193,Víctor A. Vidal Martínez,92,717,3.6666666666666665
https://openalex.org/A5022556212,Victor Martínez‐Loredo,72,750,1.3478260869565217
https://openalex.org/A5107824023,Víctor M. Martínez-Taboada,28,745,1.25
https://openalex.org/A5051963867,Víctor Martínez,43,666,3.272727272727273
https://openalex.org/A5048189489,Jake M. Pry,65,914,6.391304347826087
https://openalex.org/A5071783486,Andrew D. Kerkhoff,121,2892,6.129032258064516
https://openalex.org/A5029067811,Dawn Andrew,4,334,0.0
https://openalex.org/A5019035393,D Kerkhoff Andrew,1,0,0.0
https://openalex.org/A5062553360,Sara Franceschi,74,663,1.7857142857142858
https://openalex.org/A5020894675,Sara Franceschi,43,543,1.7272727272727273
https://openalex.org/A5102368441,Sara Franceschi,1,0,0.0
https://openalex.org/A5002819777,Maurizio Scaltriti,647,22064,10.818181818181818
https://openalex.org/A5102050551,Maurizio Scaltriti,1,15,0.0
https://openalex.org/A5079002769,M. Scaltriti,21,20,1.0
https://openalex.org/A5001401967,Scaltriti Maurizio,1,0,0.0
https://openalex.org/A5011867503,Anja Scholzen,62,3222,3.2
https://openalex.org/A5081355039,Anna Luisa Di Stefano,135,3469,9.235294117647058
https://openalex.org/A5113919194,Luisa Di Stefano Anna,1,147,0.0
https://openalex.org/A5113116101,Anna Luisa Di Stefano,17,23,1.0
https://openalex.org/A5106051950,Di Stefano Anna Luisa,1,48,14.0
https://openalex.org/A5013664394,Anna Luisa Di-Stefano,2,5,0.6666666666666666
https://openalex.org/A5024062701,Luisa Di Stefano Anna,1,0,0.0
https://openalex.org/A5086019269,DI Stefano Anna‐Luisa,1,0,0.0
https://openalex.org/A5029733167,Pedram Razavi,458,19677,10.089285714285714
https://openalex.org/A5098591258,Pedram Razavi and Jean-Pierre Colinge,1,35,0.0
https://openalex.org/A5086540714,Pedram Razavi Ebrahimi,2,7,0.0
https://openalex.org/A5004129119,Pedram Razavi Sani,1,4,0.0
https://openalex.org/A5099282330,Pedram Razavi,1,0,0.0
https://openalex.org/A5000791891,Razavi Pedram,1,0,0.0
https://openalex.org/A5083096305,Alice Cortesi,14,248,0.0
https://openalex.org/A5084509209,Luisa Bisceglia,4,22,7.0
https://openalex.org/A5037789245,Xavier Barril,182,6568,1.0833333333333333
https://openalex.org/A5042315505,Xavier Barril Alonso,3,0,0.0
https://openalex.org/A5061658348,Barril Xavier,1,0,0.0
https://openalex.org/A5014037682,Edgar López‐López,61,777,4.318181818181818
https://openalex.org/A5024815209,Edgar Rangel‐López,63,1079,3.0833333333333335
https://openalex.org/A5080219134,Edgar Galván,146,2811,1.565217391304348
https://openalex.org/A5019629396,Edgar Oliver López‐Villegas,79,1018,2.3636363636363638
https://openalex.org/A5032847508,Edgar Garza‐Lopez,86,935,6.384615384615385
https://openalex.org/A5006631022,Edgar Omar López-Caudana,77,603,4.15
https://openalex.org/A5064279077,Edgar J. López‐Naranjo,30,400,9.333333333333334
https://openalex.org/A5045808552,Edgar R. López-Mena,38,434,6.166666666666667
https://openalex.org/A5080302935,Edgar Perea-López,2,412,0.0
https://openalex.org/A5026084052,Edgar Balcázar‐López,29,296,1.5
https://openalex.org/A5103276196,E. Luna,60,668,0.0
https://openalex.org/A5058073675,Edgar Iván López-Pulido,21,220,1.8333333333333333
https://openalex.org/A5007405022,Edgar López–Martínez,38,139,0.5
https://openalex.org/A5020519391,Edgar Dehesa-López,40,140,0.7857142857142857
https://openalex.org/A5112479066,Edgar López,2,141,0.0
https://openalex.org/A5013550113,Edgar A. López-Landavery,24,129,1.75
https://openalex.org/A5021754075,Edgar Manoatl López,8,70,0.0
https://openalex.org/A5006790643,Edgar Torres‐López,3,74,0.0
https://openalex.org/A5001733581,Edgar Jonathan Narváez López,11,74,0.0
https://openalex.org/A5003859922,E. López-Chipres,6,179,0.0
https://openalex.org/A5072971321,Edgar Puente-López,4,52,2.0
https://openalex.org/A5008585974,López-Saut Edgar,1,49,0.0
https://openalex.org/A5040178112,Edgar García-López,11,38,0.0
https://openalex.org/A5109293398,M. Galván,12,278,0.0
https://openalex.org/A5051281921,Edgar Y. López,5,33,0.0
https://openalex.org/A5086780199,Edwin Tse,25,567,1.0
https://openalex.org/A5018780381,E. Tse,7,97,0.0
https://openalex.org/A5047090776,Edwin Tse,2,40,0.0
https://openalex.org/A5111006395,Edwin A. Tse,1,3,0.0
https://openalex.org/A5071318489,Harriet Daultrey,9,31,2.0
https://openalex.org/A5074517517,Harriet E. Daultrey,3,0,0.0
https://openalex.org/A5071699071,Nana Aba Williams,42,832,5.545454545454546
https://openalex.org/A5069611583,Víctor Alcalde,49,1048,7.5
https://openalex.org/A5038464806,Víctor Manuel Alcalde,9,144,0.0
https://openalex.org/A5076526600,Victor Alcalde,2,56,0.0
https://openalex.org/A5058135398,Víctor Alcalde-Lopez,1,14,0.0
https://openalex.org/A5051107158,Víctor Alcalde Lapiedra,10,7,0.0
https://openalex.org/A5026149908,Víctor Manuel Alcalde Herrero,2,3,0.0
https://openalex.org/A5014484721,Victor H. Casanova Alcalde,10,27,0.0
https://openalex.org/A5066252038,Víctor William Alcalde-Alfaro,2,2,0.0
https://openalex.org/A5066271049,Victor Casanova Alcalde,1,6,0.0
https://openalex.org/A5079269882,Víctor Nieto Alcalde,2,0,0.0
https://openalex.org/A5077832791,Victor Hugo Alcalde do Nascimento,5,2,0.0
https://openalex.org/A5022707156,Víctor Alcalde Villalba,1,0,0.0
https://openalex.org/A5013810714,Víctor Alcalde López,1,0,0.0
https://openalex.org/A5084004003,Victor Manuel Alcalde Quintas,1,0,0.0
https://openalex.org/A5114629000,Victor Hugo Alcalde do Nascimento,1,0,0.0
https://openalex.org/A5002922655,Georg E. Winter,97,4899,11.066666666666666
https://openalex.org/A5107926647,Georg Winter,66,3079,14.25
https://openalex.org/A5026225504,G. Winter,143,2606,2.0
https://openalex.org/A5091749891,Georg Winter,2,30,0.0
https://openalex.org/A5001107639,Georg Winter,10,24,0.0
https://openalex.org/A5005092062,Georg Winter,2,3,0.0
https://openalex.org/A5109550477,Georg Winter,1,0,0.0
https://openalex.org/A5099233838,Georg Winter,1,0,0.0
https://openalex.org/A5102389664,Georg Winter,9,0,0.0
https://openalex.org/A5096498898,Georg Winter,1,0,0.0
https://openalex.org/A5097344749,Georg Simon Winter,1,0,0.0
https://openalex.org/A5077283791,Catalina Tovar,32,244,1.0
https://openalex.org/A5024372594,Marko Cigler,37,396,6.25
https://openalex.org/A5035036174,Eliandre de Oliveira,116,2510,1.6
https://openalex.org/A5072308715,Eliandre de Oliveira Seoane,10,0,0.0
https://openalex.org/A5011887434,Eliandre De Oliveira Cacheado,2,0,0.0
https://openalex.org/A5090327907,de Oliveira Eliandre,1,0,0.0
https://openalex.org/A5023913968,Theodora Savory,18,118,6.75
https://openalex.org/A5088363622,Lydia Siragusa,27,485,5.3
